graph,graph_type,impl,run,time_ms,scans,updates,peak_rss_kb
USA-road-t.BAY,road,ombi,1,31.430500,321270.000000,346470.170000,57148
USA-road-t.BAY,road,ombi,2,31.776070,321270.000000,346470.170000,57148
USA-road-t.BAY,road,ombi,3,32.033220,321270.000000,346470.170000,57148
USA-road-t.BAY,road,ombi,4,32.239930,321270.000000,346470.170000,57148
USA-road-t.BAY,road,ombi,5,31.906530,321270.000000,346470.170000,57148
USA-road-t.BAY,road,ombi,6,32.276900,321270.000000,346470.170000,57148
USA-road-t.BAY,road,ombi,7,32.075720,321270.000000,346470.170000,57148
USA-road-t.BAY,road,ombi,8,32.175130,321270.000000,346470.170000,57148
USA-road-t.BAY,road,ombi,9,31.780400,321270.000000,346470.170000,57148
USA-road-t.BAY,road,ombi,10,31.847970,321270.000000,346470.170000,57148
USA-road-t.BAY,road,ombi,11,31.915180,321270.000000,346470.170000,57148
USA-road-t.BAY,road,ombi_opt,1,31.258030,321270.000000,346470.170000,56992
USA-road-t.BAY,road,ombi_opt,2,31.462970,321270.000000,346470.170000,56992
USA-road-t.BAY,road,ombi_opt,3,31.086930,321270.000000,346470.170000,56992
USA-road-t.BAY,road,ombi_opt,4,30.955870,321270.000000,346470.170000,56992
USA-road-t.BAY,road,ombi_opt,5,31.176020,321270.000000,346470.170000,56992
USA-road-t.BAY,road,ombi_opt,6,31.106730,321270.000000,346470.170000,56992
USA-road-t.BAY,road,ombi_opt,7,31.029960,321270.000000,346470.170000,56992
USA-road-t.BAY,road,ombi_opt,8,31.258620,321270.000000,346470.170000,56992
USA-road-t.BAY,road,ombi_opt,9,31.369150,321270.000000,346470.170000,56992
USA-road-t.BAY,road,ombi_opt,10,30.835600,321270.000000,346470.170000,56992
USA-road-t.BAY,road,ombi_opt,11,30.827320,321270.000000,346470.170000,56992
USA-road-t.BAY,road,ombi_v2,1,33.490680,321270.000000,347100.140000,59124
USA-road-t.BAY,road,ombi_v2,2,33.307040,321270.000000,347100.140000,59124
USA-road-t.BAY,road,ombi_v2,3,33.682700,321270.000000,347100.140000,59124
USA-road-t.BAY,road,ombi_v2,4,33.489050,321270.000000,347100.140000,59124
USA-road-t.BAY,road,ombi_v2,5,33.763240,321270.000000,347100.140000,59124
USA-road-t.BAY,road,ombi_v2,6,33.620710,321270.000000,347100.140000,59124
USA-road-t.BAY,road,ombi_v2,7,33.580900,321270.000000,347100.140000,59124
USA-road-t.BAY,road,ombi_v2,8,33.575760,321270.000000,347100.140000,59124
USA-road-t.BAY,road,ombi_v2,9,32.836970,321270.000000,347100.140000,59124
USA-road-t.BAY,road,ombi_v2,10,33.460030,321270.000000,347100.140000,59124
USA-road-t.BAY,road,ombi_v2,11,33.465630,321270.000000,347100.140000,59124
USA-road-t.BAY,road,ombi_v3,1,30.079460,321270.000000,346470.170000,60420
USA-road-t.BAY,road,ombi_v3,2,30.015160,321270.000000,346470.170000,60420
USA-road-t.BAY,road,ombi_v3,3,29.558640,321270.000000,346470.170000,60420
USA-road-t.BAY,road,ombi_v3,4,29.928620,321270.000000,346470.170000,60420
USA-road-t.BAY,road,ombi_v3,5,30.059560,321270.000000,346470.170000,60420
USA-road-t.BAY,road,ombi_v3,6,30.076240,321270.000000,346470.170000,60420
USA-road-t.BAY,road,ombi_v3,7,29.708210,321270.000000,346470.170000,60420
USA-road-t.BAY,road,ombi_v3,8,29.929160,321270.000000,346470.170000,60420
USA-road-t.BAY,road,ombi_v3,9,29.972360,321270.000000,346470.170000,60420
USA-road-t.BAY,road,ombi_v3,10,29.845400,321270.000000,346470.170000,60420
USA-road-t.BAY,road,ombi_v3,11,30.101670,321270.000000,346470.170000,60420
USA-road-t.COL,road,ombi,1,47.773460,435666.000000,464674.190000,73076
USA-road-t.COL,road,ombi,2,46.776140,435666.000000,464674.190000,73076
USA-road-t.COL,road,ombi,3,46.061520,435666.000000,464674.190000,73076
USA-road-t.COL,road,ombi,4,46.485970,435666.000000,464674.190000,73076
USA-road-t.COL,road,ombi,5,46.309700,435666.000000,464674.190000,73076
USA-road-t.COL,road,ombi,6,46.934440,435666.000000,464674.190000,73076
USA-road-t.COL,road,ombi,7,46.571410,435666.000000,464674.190000,73076
USA-road-t.COL,road,ombi,8,49.558970,435666.000000,464674.190000,73076
USA-road-t.COL,road,ombi,9,46.049440,435666.000000,464674.190000,73076
USA-road-t.COL,road,ombi,10,46.295840,435666.000000,464674.190000,73076
USA-road-t.COL,road,ombi,11,47.036360,435666.000000,464674.190000,73076
USA-road-t.COL,road,ombi_opt,1,44.791690,435666.000000,464674.190000,72940
USA-road-t.COL,road,ombi_opt,2,44.280690,435666.000000,464674.190000,72940
USA-road-t.COL,road,ombi_opt,3,44.806700,435666.000000,464674.190000,72940
USA-road-t.COL,road,ombi_opt,4,44.983640,435666.000000,464674.190000,72940
USA-road-t.COL,road,ombi_opt,5,44.400710,435666.000000,464674.190000,72940
USA-road-t.COL,road,ombi_opt,6,44.386880,435666.000000,464674.190000,72940
USA-road-t.COL,road,ombi_opt,7,44.462980,435666.000000,464674.190000,72940
USA-road-t.COL,road,ombi_opt,8,44.934480,435666.000000,464674.190000,72940
USA-road-t.COL,road,ombi_opt,9,44.608040,435666.000000,464674.190000,72940
USA-road-t.COL,road,ombi_opt,10,44.889060,435666.000000,464674.190000,72940
USA-road-t.COL,road,ombi_opt,11,45.629710,435666.000000,464674.190000,72940
USA-road-t.COL,road,ombi_v2,1,47.854860,435666.000000,465347.700000,76268
USA-road-t.COL,road,ombi_v2,2,48.258260,435666.000000,465347.700000,76268
USA-road-t.COL,road,ombi_v2,3,48.242960,435666.000000,465347.700000,76268
USA-road-t.COL,road,ombi_v2,4,53.944270,435666.000000,465347.700000,76268
USA-road-t.COL,road,ombi_v2,5,50.855680,435666.000000,465347.700000,76268
USA-road-t.COL,road,ombi_v2,6,49.688110,435666.000000,465347.700000,76268
USA-road-t.COL,road,ombi_v2,7,48.783040,435666.000000,465347.700000,76268
USA-road-t.COL,road,ombi_v2,8,47.644330,435666.000000,465347.700000,76268
USA-road-t.COL,road,ombi_v2,9,47.837180,435666.000000,465347.700000,76268
USA-road-t.COL,road,ombi_v2,10,47.749540,435666.000000,465347.700000,76268
USA-road-t.COL,road,ombi_v2,11,48.256580,435666.000000,465347.700000,76268
USA-road-t.COL,road,ombi_v3,1,44.122150,435666.000000,464674.190000,79932
USA-road-t.COL,road,ombi_v3,2,43.525220,435666.000000,464674.190000,79932
USA-road-t.COL,road,ombi_v3,3,43.655990,435666.000000,464674.190000,79932
USA-road-t.COL,road,ombi_v3,4,44.399400,435666.000000,464674.190000,79932
USA-road-t.COL,road,ombi_v3,5,44.263610,435666.000000,464674.190000,79932
USA-road-t.COL,road,ombi_v3,6,44.240780,435666.000000,464674.190000,79932
USA-road-t.COL,road,ombi_v3,7,43.617910,435666.000000,464674.190000,79932
USA-road-t.COL,road,ombi_v3,8,43.909110,435666.000000,464674.190000,79932
USA-road-t.COL,road,ombi_v3,9,44.066720,435666.000000,464674.190000,79932
USA-road-t.COL,road,ombi_v3,10,43.714570,435666.000000,464674.190000,79932
USA-road-t.COL,road,ombi_v3,11,43.881260,435666.000000,464674.190000,79932
USA-road-t.FLA,road,ombi,1,125.796740,1070376.000000,1164100.560000,173048
USA-road-t.FLA,road,ombi,2,123.183940,1070376.000000,1164100.560000,173048
USA-road-t.FLA,road,ombi,3,125.392580,1070376.000000,1164100.560000,173048
USA-road-t.FLA,road,ombi,4,124.339140,1070376.000000,1164100.560000,173048
USA-road-t.FLA,road,ombi,5,140.813110,1070376.000000,1164100.560000,173048
USA-road-t.FLA,road,ombi,6,125.706820,1070376.000000,1164100.560000,173048
USA-road-t.FLA,road,ombi,7,130.447120,1070376.000000,1164100.560000,173048
USA-road-t.FLA,road,ombi,8,128.984650,1070376.000000,1164100.560000,173048
USA-road-t.FLA,road,ombi,9,124.855350,1070376.000000,1164100.560000,173048
USA-road-t.FLA,road,ombi,10,146.480910,1070376.000000,1164100.560000,173048
USA-road-t.FLA,road,ombi,11,128.690230,1070376.000000,1164100.560000,173048
USA-road-t.FLA,road,ombi_opt,1,118.240740,1070376.000000,1164100.560000,172716
USA-road-t.FLA,road,ombi_opt,2,118.334200,1070376.000000,1164100.560000,172716
USA-road-t.FLA,road,ombi_opt,3,119.088040,1070376.000000,1164100.560000,172716
USA-road-t.FLA,road,ombi_opt,4,117.976280,1070376.000000,1164100.560000,172716
USA-road-t.FLA,road,ombi_opt,5,118.777350,1070376.000000,1164100.560000,172716
USA-road-t.FLA,road,ombi_opt,6,118.237390,1070376.000000,1164100.560000,172716
USA-road-t.FLA,road,ombi_opt,7,118.293260,1070376.000000,1164100.560000,172716
USA-road-t.FLA,road,ombi_opt,8,118.852160,1070376.000000,1164100.560000,172716
USA-road-t.FLA,road,ombi_opt,9,118.128200,1070376.000000,1164100.560000,172716
USA-road-t.FLA,road,ombi_opt,10,117.880420,1070376.000000,1164100.560000,172716
USA-road-t.FLA,road,ombi_opt,11,118.554480,1070376.000000,1164100.560000,172716
USA-road-t.FLA,road,ombi_v2,1,124.613240,1070376.000000,1167881.770000,181020
USA-road-t.FLA,road,ombi_v2,2,125.840200,1070376.000000,1167881.770000,181020
USA-road-t.FLA,road,ombi_v2,3,125.456340,1070376.000000,1167881.770000,181020
USA-road-t.FLA,road,ombi_v2,4,125.385620,1070376.000000,1167881.770000,181020
USA-road-t.FLA,road,ombi_v2,5,124.676310,1070376.000000,1167881.770000,181020
USA-road-t.FLA,road,ombi_v2,6,126.196240,1070376.000000,1167881.770000,181020
USA-road-t.FLA,road,ombi_v2,7,124.207230,1070376.000000,1167881.770000,181020
USA-road-t.FLA,road,ombi_v2,8,137.069590,1070376.000000,1167881.770000,181020
USA-road-t.FLA,road,ombi_v2,9,128.235520,1070376.000000,1167881.770000,181020
USA-road-t.FLA,road,ombi_v2,10,140.275910,1070376.000000,1167881.770000,181020
USA-road-t.FLA,road,ombi_v2,11,144.799820,1070376.000000,1167881.770000,181020
USA-road-t.FLA,road,ombi_v3,1,116.541900,1070376.000000,1164100.560000,194560
USA-road-t.FLA,road,ombi_v3,2,114.059210,1070376.000000,1164100.560000,194560
USA-road-t.FLA,road,ombi_v3,3,114.624400,1070376.000000,1164100.560000,194560
USA-road-t.FLA,road,ombi_v3,4,114.023770,1070376.000000,1164100.560000,194560
USA-road-t.FLA,road,ombi_v3,5,113.325410,1070376.000000,1164100.560000,194560
USA-road-t.FLA,road,ombi_v3,6,120.816490,1070376.000000,1164100.560000,194560
USA-road-t.FLA,road,ombi_v3,7,112.959950,1070376.000000,1164100.560000,194560
USA-road-t.FLA,road,ombi_v3,8,112.323050,1070376.000000,1164100.560000,194560
USA-road-t.FLA,road,ombi_v3,9,113.227970,1070376.000000,1164100.560000,194560
USA-road-t.FLA,road,ombi_v3,10,114.735350,1070376.000000,1164100.560000,194560
USA-road-t.FLA,road,ombi_v3,11,112.454620,1070376.000000,1164100.560000,194560
USA-road-t.NE,road,ombi,1,198.777300,1524453.000000,1659524.640000,247016
USA-road-t.NE,road,ombi,2,211.092540,1524453.000000,1659524.640000,247016
USA-road-t.NE,road,ombi,3,205.491000,1524453.000000,1659524.640000,247016
USA-road-t.NE,road,ombi,4,198.024800,1524453.000000,1659524.640000,247016
USA-road-t.NE,road,ombi,5,207.965190,1524453.000000,1659524.640000,247016
USA-road-t.NE,road,ombi,6,194.464980,1524453.000000,1659524.640000,247016
USA-road-t.NE,road,ombi,7,197.599280,1524453.000000,1659524.640000,247016
USA-road-t.NE,road,ombi,8,195.861460,1524453.000000,1659524.640000,247016
USA-road-t.NE,road,ombi,9,197.137910,1524453.000000,1659524.640000,247016
USA-road-t.NE,road,ombi,10,190.139080,1524453.000000,1659524.640000,247016
USA-road-t.NE,road,ombi,11,204.679300,1524453.000000,1659524.640000,247016
USA-road-t.NE,road,ombi_opt,1,192.987170,1524453.000000,1659524.640000,246940
USA-road-t.NE,road,ombi_opt,2,177.266510,1524453.000000,1659524.640000,246940
USA-road-t.NE,road,ombi_opt,3,174.580350,1524453.000000,1659524.640000,246940
USA-road-t.NE,road,ombi_opt,4,179.288300,1524453.000000,1659524.640000,246940
USA-road-t.NE,road,ombi_opt,5,179.298850,1524453.000000,1659524.640000,246940
USA-road-t.NE,road,ombi_opt,6,179.028780,1524453.000000,1659524.640000,246940
USA-road-t.NE,road,ombi_opt,7,177.702690,1524453.000000,1659524.640000,246940
USA-road-t.NE,road,ombi_opt,8,188.859960,1524453.000000,1659524.640000,246940
USA-road-t.NE,road,ombi_opt,9,180.382790,1524453.000000,1659524.640000,246940
USA-road-t.NE,road,ombi_opt,10,181.728160,1524453.000000,1659524.640000,246940
USA-road-t.NE,road,ombi_opt,11,181.207230,1524453.000000,1659524.640000,246940
USA-road-t.NE,road,ombi_v2,1,197.473330,1524453.000000,1662615.540000,258516
USA-road-t.NE,road,ombi_v2,2,200.140990,1524453.000000,1662615.540000,258516
USA-road-t.NE,road,ombi_v2,3,198.282490,1524453.000000,1662615.540000,258516
USA-road-t.NE,road,ombi_v2,4,201.404900,1524453.000000,1662615.540000,258516
USA-road-t.NE,road,ombi_v2,5,188.609550,1524453.000000,1662615.540000,258516
USA-road-t.NE,road,ombi_v2,6,193.363540,1524453.000000,1662615.540000,258516
USA-road-t.NE,road,ombi_v2,7,191.307940,1524453.000000,1662615.540000,258516
USA-road-t.NE,road,ombi_v2,8,194.819380,1524453.000000,1662615.540000,258516
USA-road-t.NE,road,ombi_v2,9,204.013690,1524453.000000,1662615.540000,258516
USA-road-t.NE,road,ombi_v2,10,203.309890,1524453.000000,1662615.540000,258516
USA-road-t.NE,road,ombi_v2,11,203.811460,1524453.000000,1662615.540000,258516
USA-road-t.NE,road,ombi_v3,1,169.805420,1524453.000000,1659524.640000,276732
USA-road-t.NE,road,ombi_v3,2,169.967750,1524453.000000,1659524.640000,276732
USA-road-t.NE,road,ombi_v3,3,169.327900,1524453.000000,1659524.640000,276732
USA-road-t.NE,road,ombi_v3,4,170.512670,1524453.000000,1659524.640000,276732
USA-road-t.NE,road,ombi_v3,5,172.168050,1524453.000000,1659524.640000,276732
USA-road-t.NE,road,ombi_v3,6,177.574360,1524453.000000,1659524.640000,276732
USA-road-t.NE,road,ombi_v3,7,172.909540,1524453.000000,1659524.640000,276732
USA-road-t.NE,road,ombi_v3,8,168.632700,1524453.000000,1659524.640000,276732
USA-road-t.NE,road,ombi_v3,9,170.103300,1524453.000000,1659524.640000,276732
USA-road-t.NE,road,ombi_v3,10,173.750870,1524453.000000,1659524.640000,276732
USA-road-t.NE,road,ombi_v3,11,173.538410,1524453.000000,1659524.640000,276732
USA-road-t.BAY,road,bw1,1,35.196090,321270.000000,346469.790000,55392
USA-road-t.BAY,road,bw1,2,35.942260,321270.000000,346469.790000,55392
USA-road-t.BAY,road,bw1,3,34.682400,321270.000000,346469.790000,55392
USA-road-t.BAY,road,bw1,4,34.678710,321270.000000,346469.790000,55392
USA-road-t.BAY,road,bw1,5,34.635280,321270.000000,346469.790000,55392
USA-road-t.BAY,road,bw1,6,34.672480,321270.000000,346469.790000,55392
USA-road-t.BAY,road,bw1,7,34.666960,321270.000000,346469.790000,55392
USA-road-t.BAY,road,bw1,8,34.926940,321270.000000,346469.790000,55392
USA-road-t.BAY,road,bw1,9,35.073320,321270.000000,346469.790000,55392
USA-road-t.BAY,road,bw1,10,34.739110,321270.000000,346469.790000,55392
USA-road-t.BAY,road,bw1,11,35.771790,321270.000000,346469.790000,55392
USA-road-t.BAY,road,bw2,1,35.039880,321270.000000,346470.780000,56140
USA-road-t.BAY,road,bw2,2,37.670900,321270.000000,346470.780000,56140
USA-road-t.BAY,road,bw2,3,36.159290,321270.000000,346470.780000,56140
USA-road-t.BAY,road,bw2,4,35.220370,321270.000000,346470.780000,56140
USA-road-t.BAY,road,bw2,5,35.075160,321270.000000,346470.780000,56140
USA-road-t.BAY,road,bw2,6,34.388140,321270.000000,346470.780000,56140
USA-road-t.BAY,road,bw2,7,34.624390,321270.000000,346470.780000,56140
USA-road-t.BAY,road,bw2,8,34.360700,321270.000000,346470.780000,56140
USA-road-t.BAY,road,bw2,9,34.385300,321270.000000,346470.780000,56140
USA-road-t.BAY,road,bw2,10,34.449590,321270.000000,346470.780000,56140
USA-road-t.BAY,road,bw2,11,34.143400,321270.000000,346470.780000,56140
USA-road-t.BAY,road,bw3,1,33.574110,321270.000000,346469.340000,56400
USA-road-t.BAY,road,bw3,2,33.552770,321270.000000,346469.340000,56400
USA-road-t.BAY,road,bw3,3,33.738750,321270.000000,346469.340000,56400
USA-road-t.BAY,road,bw3,4,33.565680,321270.000000,346469.340000,56400
USA-road-t.BAY,road,bw3,5,33.559490,321270.000000,346469.340000,56400
USA-road-t.BAY,road,bw3,6,33.879010,321270.000000,346469.340000,56400
USA-road-t.BAY,road,bw3,7,33.791370,321270.000000,346469.340000,56400
USA-road-t.BAY,road,bw3,8,33.743470,321270.000000,346469.340000,56400
USA-road-t.BAY,road,bw3,9,33.508980,321270.000000,346469.340000,56400
USA-road-t.BAY,road,bw3,10,33.490230,321270.000000,346469.340000,56400
USA-road-t.BAY,road,bw3,11,33.379940,321270.000000,346469.340000,56400
USA-road-t.BAY,road,bw4,1,32.905420,321270.000000,346470.170000,57280
USA-road-t.BAY,road,bw4,2,33.071590,321270.000000,346470.170000,57280
USA-road-t.BAY,road,bw4,3,32.801380,321270.000000,346470.170000,57280
USA-road-t.BAY,road,bw4,4,32.817140,321270.000000,346470.170000,57280
USA-road-t.BAY,road,bw4,5,32.886160,321270.000000,346470.170000,57280
USA-road-t.BAY,road,bw4,6,33.417070,321270.000000,346470.170000,57280
USA-road-t.BAY,road,bw4,7,32.805210,321270.000000,346470.170000,57280
USA-road-t.BAY,road,bw4,8,32.945380,321270.000000,346470.170000,57280
USA-road-t.BAY,road,bw4,9,32.949430,321270.000000,346470.170000,57280
USA-road-t.BAY,road,bw4,10,33.093980,321270.000000,346470.170000,57280
USA-road-t.BAY,road,bw4,11,33.221970,321270.000000,346470.170000,57280
USA-road-t.BAY,road,bw6,1,32.131840,321270.000000,346471.170000,58316
USA-road-t.BAY,road,bw6,2,32.384540,321270.000000,346471.170000,58316
USA-road-t.BAY,road,bw6,3,32.180350,321270.000000,346471.170000,58316
USA-road-t.BAY,road,bw6,4,32.141390,321270.000000,346471.170000,58316
USA-road-t.BAY,road,bw6,5,32.360350,321270.000000,346471.170000,58316
USA-road-t.BAY,road,bw6,6,32.204800,321270.000000,346471.170000,58316
USA-road-t.BAY,road,bw6,7,32.164120,321270.000000,346471.170000,58316
USA-road-t.BAY,road,bw6,8,33.626910,321270.000000,346471.170000,58316
USA-road-t.BAY,road,bw6,9,32.120420,321270.000000,346471.170000,58316
USA-road-t.BAY,road,bw6,10,32.284440,321270.000000,346471.170000,58316
USA-road-t.BAY,road,bw6,11,32.267150,321270.000000,346471.170000,58316
USA-road-t.BAY,road,bw8,1,31.371650,321270.000000,346473.010000,58420
USA-road-t.BAY,road,bw8,2,31.546130,321270.000000,346473.010000,58420
USA-road-t.BAY,road,bw8,3,31.572480,321270.000000,346473.010000,58420
USA-road-t.BAY,road,bw8,4,31.318910,321270.000000,346473.010000,58420
USA-road-t.BAY,road,bw8,5,31.334150,321270.000000,346473.010000,58420
USA-road-t.BAY,road,bw8,6,31.024770,321270.000000,346473.010000,58420
USA-road-t.BAY,road,bw8,7,31.487470,321270.000000,346473.010000,58420
USA-road-t.BAY,road,bw8,8,31.625020,321270.000000,346473.010000,58420
USA-road-t.BAY,road,bw8,9,31.971020,321270.000000,346473.010000,58420
USA-road-t.BAY,road,bw8,10,31.263990,321270.000000,346473.010000,58420
USA-road-t.BAY,road,bw8,11,31.600350,321270.000000,346473.010000,58420
USA-road-t.COL,road,bw1,1,50.719960,435666.000000,464675.880000,71920
USA-road-t.COL,road,bw1,2,50.115800,435666.000000,464675.880000,71920
USA-road-t.COL,road,bw1,3,50.514340,435666.000000,464675.880000,71920
USA-road-t.COL,road,bw1,4,50.146800,435666.000000,464675.880000,71920
USA-road-t.COL,road,bw1,5,50.290540,435666.000000,464675.880000,71920
USA-road-t.COL,road,bw1,6,50.768170,435666.000000,464675.880000,71920
USA-road-t.COL,road,bw1,7,50.870390,435666.000000,464675.880000,71920
USA-road-t.COL,road,bw1,8,50.909510,435666.000000,464675.880000,71920
USA-road-t.COL,road,bw1,9,50.162500,435666.000000,464675.880000,71920
USA-road-t.COL,road,bw1,10,50.860360,435666.000000,464675.880000,71920
USA-road-t.COL,road,bw1,11,50.261830,435666.000000,464675.880000,71920
USA-road-t.COL,road,bw2,1,48.930500,435666.000000,464675.580000,72764
USA-road-t.COL,road,bw2,2,48.577860,435666.000000,464675.580000,72764
USA-road-t.COL,road,bw2,3,49.182760,435666.000000,464675.580000,72764
USA-road-t.COL,road,bw2,4,48.528440,435666.000000,464675.580000,72764
USA-road-t.COL,road,bw2,5,48.475230,435666.000000,464675.580000,72764
USA-road-t.COL,road,bw2,6,51.711150,435666.000000,464675.580000,72764
USA-road-t.COL,road,bw2,7,53.130940,435666.000000,464675.580000,72764
USA-road-t.COL,road,bw2,8,51.670660,435666.000000,464675.580000,72764
USA-road-t.COL,road,bw2,9,48.391770,435666.000000,464675.580000,72764
USA-road-t.COL,road,bw2,10,48.132420,435666.000000,464675.580000,72764
USA-road-t.COL,road,bw2,11,48.090370,435666.000000,464675.580000,72764
USA-road-t.COL,road,bw3,1,47.534150,435666.000000,464674.150000,72732
USA-road-t.COL,road,bw3,2,48.086410,435666.000000,464674.150000,72732
USA-road-t.COL,road,bw3,3,47.361730,435666.000000,464674.150000,72732
USA-road-t.COL,road,bw3,4,47.668740,435666.000000,464674.150000,72732
USA-road-t.COL,road,bw3,5,47.396400,435666.000000,464674.150000,72732
USA-road-t.COL,road,bw3,6,47.387440,435666.000000,464674.150000,72732
USA-road-t.COL,road,bw3,7,47.859790,435666.000000,464674.150000,72732
USA-road-t.COL,road,bw3,8,47.168700,435666.000000,464674.150000,72732
USA-road-t.COL,road,bw3,9,48.006230,435666.000000,464674.150000,72732
USA-road-t.COL,road,bw3,10,47.610470,435666.000000,464674.150000,72732
USA-road-t.COL,road,bw3,11,47.764640,435666.000000,464674.150000,72732
USA-road-t.COL,road,bw4,1,46.912640,435666.000000,464674.190000,73056
USA-road-t.COL,road,bw4,2,46.995010,435666.000000,464674.190000,73056
USA-road-t.COL,road,bw4,3,47.686880,435666.000000,464674.190000,73056
USA-road-t.COL,road,bw4,4,46.710430,435666.000000,464674.190000,73056
USA-road-t.COL,road,bw4,5,47.549730,435666.000000,464674.190000,73056
USA-road-t.COL,road,bw4,6,46.862360,435666.000000,464674.190000,73056
USA-road-t.COL,road,bw4,7,46.644660,435666.000000,464674.190000,73056
USA-road-t.COL,road,bw4,8,47.062560,435666.000000,464674.190000,73056
USA-road-t.COL,road,bw4,9,48.772070,435666.000000,464674.190000,73056
USA-road-t.COL,road,bw4,10,48.708100,435666.000000,464674.190000,73056
USA-road-t.COL,road,bw4,11,47.831530,435666.000000,464674.190000,73056
USA-road-t.COL,road,bw6,1,46.960080,435666.000000,464674.690000,74432
USA-road-t.COL,road,bw6,2,45.854990,435666.000000,464674.690000,74432
USA-road-t.COL,road,bw6,3,47.027010,435666.000000,464674.690000,74432
USA-road-t.COL,road,bw6,4,45.694080,435666.000000,464674.690000,74432
USA-road-t.COL,road,bw6,5,46.243030,435666.000000,464674.690000,74432
USA-road-t.COL,road,bw6,6,45.499700,435666.000000,464674.690000,74432
USA-road-t.COL,road,bw6,7,46.950810,435666.000000,464674.690000,74432
USA-road-t.COL,road,bw6,8,47.520850,435666.000000,464674.690000,74432
USA-road-t.COL,road,bw6,9,46.767980,435666.000000,464674.690000,74432
USA-road-t.COL,road,bw6,10,45.714410,435666.000000,464674.690000,74432
USA-road-t.COL,road,bw6,11,46.423900,435666.000000,464674.690000,74432
USA-road-t.COL,road,bw8,1,45.590320,435666.000000,464676.180000,75016
USA-road-t.COL,road,bw8,2,45.329630,435666.000000,464676.180000,75016
USA-road-t.COL,road,bw8,3,44.706100,435666.000000,464676.180000,75016
USA-road-t.COL,road,bw8,4,45.148220,435666.000000,464676.180000,75016
USA-road-t.COL,road,bw8,5,44.878580,435666.000000,464676.180000,75016
USA-road-t.COL,road,bw8,6,44.973330,435666.000000,464676.180000,75016
USA-road-t.COL,road,bw8,7,45.407140,435666.000000,464676.180000,75016
USA-road-t.COL,road,bw8,8,46.247350,435666.000000,464676.180000,75016
USA-road-t.COL,road,bw8,9,45.632360,435666.000000,464676.180000,75016
USA-road-t.COL,road,bw8,10,45.317210,435666.000000,464676.180000,75016
USA-road-t.COL,road,bw8,11,45.577700,435666.000000,464676.180000,75016
USA-road-t.FLA,road,bw1,1,132.807050,1070376.000000,1164092.870000,171952
USA-road-t.FLA,road,bw1,2,131.946110,1070376.000000,1164092.870000,171952
USA-road-t.FLA,road,bw1,3,134.665610,1070376.000000,1164092.870000,171952
USA-road-t.FLA,road,bw1,4,133.095540,1070376.000000,1164092.870000,171952
USA-road-t.FLA,road,bw1,5,131.151980,1070376.000000,1164092.870000,171952
USA-road-t.FLA,road,bw1,6,132.421190,1070376.000000,1164092.870000,171952
USA-road-t.FLA,road,bw1,7,132.911420,1070376.000000,1164092.870000,171952
USA-road-t.FLA,road,bw1,8,132.472870,1070376.000000,1164092.870000,171952
USA-road-t.FLA,road,bw1,9,131.821490,1070376.000000,1164092.870000,171952
USA-road-t.FLA,road,bw1,10,132.344490,1070376.000000,1164092.870000,171952
USA-road-t.FLA,road,bw1,11,132.012320,1070376.000000,1164092.870000,171952
USA-road-t.FLA,road,bw2,1,131.215920,1070376.000000,1164095.100000,172660
USA-road-t.FLA,road,bw2,2,128.255680,1070376.000000,1164095.100000,172660
USA-road-t.FLA,road,bw2,3,129.639890,1070376.000000,1164095.100000,172660
USA-road-t.FLA,road,bw2,4,127.488640,1070376.000000,1164095.100000,172660
USA-road-t.FLA,road,bw2,5,128.879890,1070376.000000,1164095.100000,172660
USA-road-t.FLA,road,bw2,6,129.656770,1070376.000000,1164095.100000,172660
USA-road-t.FLA,road,bw2,7,128.756600,1070376.000000,1164095.100000,172660
USA-road-t.FLA,road,bw2,8,128.718620,1070376.000000,1164095.100000,172660
USA-road-t.FLA,road,bw2,9,130.986330,1070376.000000,1164095.100000,172660
USA-road-t.FLA,road,bw2,10,133.327280,1070376.000000,1164095.100000,172660
USA-road-t.FLA,road,bw2,11,129.975820,1070376.000000,1164095.100000,172660
USA-road-t.FLA,road,bw3,1,125.753950,1070376.000000,1164098.630000,172800
USA-road-t.FLA,road,bw3,2,125.433020,1070376.000000,1164098.630000,172800
USA-road-t.FLA,road,bw3,3,125.810210,1070376.000000,1164098.630000,172800
USA-road-t.FLA,road,bw3,4,125.060610,1070376.000000,1164098.630000,172800
USA-road-t.FLA,road,bw3,5,124.621940,1070376.000000,1164098.630000,172800
USA-road-t.FLA,road,bw3,6,125.324310,1070376.000000,1164098.630000,172800
USA-road-t.FLA,road,bw3,7,125.559470,1070376.000000,1164098.630000,172800
USA-road-t.FLA,road,bw3,8,125.349730,1070376.000000,1164098.630000,172800
USA-road-t.FLA,road,bw3,9,126.135300,1070376.000000,1164098.630000,172800
USA-road-t.FLA,road,bw3,10,126.240810,1070376.000000,1164098.630000,172800
USA-road-t.FLA,road,bw3,11,125.314420,1070376.000000,1164098.630000,172800
USA-road-t.FLA,road,bw4,1,122.826660,1070376.000000,1164100.560000,173012
USA-road-t.FLA,road,bw4,2,123.494720,1070376.000000,1164100.560000,173012
USA-road-t.FLA,road,bw4,3,123.931510,1070376.000000,1164100.560000,173012
USA-road-t.FLA,road,bw4,4,126.204210,1070376.000000,1164100.560000,173012
USA-road-t.FLA,road,bw4,5,124.779420,1070376.000000,1164100.560000,173012
USA-road-t.FLA,road,bw4,6,123.655440,1070376.000000,1164100.560000,173012
USA-road-t.FLA,road,bw4,7,124.087760,1070376.000000,1164100.560000,173012
USA-road-t.FLA,road,bw4,8,123.459050,1070376.000000,1164100.560000,173012
USA-road-t.FLA,road,bw4,9,124.632930,1070376.000000,1164100.560000,173012
USA-road-t.FLA,road,bw4,10,123.320540,1070376.000000,1164100.560000,173012
USA-road-t.FLA,road,bw4,11,123.781550,1070376.000000,1164100.560000,173012
USA-road-t.FLA,road,bw6,1,121.603360,1070376.000000,1164100.820000,174196
USA-road-t.FLA,road,bw6,2,120.673060,1070376.000000,1164100.820000,174196
USA-road-t.FLA,road,bw6,3,122.757670,1070376.000000,1164100.820000,174196
USA-road-t.FLA,road,bw6,4,121.590160,1070376.000000,1164100.820000,174196
USA-road-t.FLA,road,bw6,5,121.236490,1070376.000000,1164100.820000,174196
USA-road-t.FLA,road,bw6,6,120.196370,1070376.000000,1164100.820000,174196
USA-road-t.FLA,road,bw6,7,120.285130,1070376.000000,1164100.820000,174196
USA-road-t.FLA,road,bw6,8,121.163520,1070376.000000,1164100.820000,174196
USA-road-t.FLA,road,bw6,9,120.551560,1070376.000000,1164100.820000,174196
USA-road-t.FLA,road,bw6,10,121.623380,1070376.000000,1164100.820000,174196
USA-road-t.FLA,road,bw6,11,122.316030,1070376.000000,1164100.820000,174196
USA-road-t.FLA,road,bw8,1,117.504440,1070376.000000,1164100.550000,174920
USA-road-t.FLA,road,bw8,2,118.257210,1070376.000000,1164100.550000,174920
USA-road-t.FLA,road,bw8,3,118.229910,1070376.000000,1164100.550000,174920
USA-road-t.FLA,road,bw8,4,120.770870,1070376.000000,1164100.550000,174920
USA-road-t.FLA,road,bw8,5,120.973680,1070376.000000,1164100.550000,174920
USA-road-t.FLA,road,bw8,6,118.419010,1070376.000000,1164100.550000,174920
USA-road-t.FLA,road,bw8,7,118.282100,1070376.000000,1164100.550000,174920
USA-road-t.FLA,road,bw8,8,118.660400,1070376.000000,1164100.550000,174920
USA-road-t.FLA,road,bw8,9,118.262120,1070376.000000,1164100.550000,174920
USA-road-t.FLA,road,bw8,10,118.578300,1070376.000000,1164100.550000,174920
USA-road-t.FLA,road,bw8,11,118.150990,1070376.000000,1164100.550000,174920
USA-road-t.BAY,road,hot10,1,32.965170,321270.000000,346470.340000,53572
USA-road-t.BAY,road,hot10,2,32.422700,321270.000000,346470.340000,53572
USA-road-t.BAY,road,hot10,3,32.749930,321270.000000,346470.340000,53572
USA-road-t.BAY,road,hot10,4,32.463710,321270.000000,346470.340000,53572
USA-road-t.BAY,road,hot10,5,33.373530,321270.000000,346470.340000,53572
USA-road-t.BAY,road,hot10,6,32.111020,321270.000000,346470.340000,53572
USA-road-t.BAY,road,hot10,7,32.181010,321270.000000,346470.340000,53572
USA-road-t.BAY,road,hot10,8,33.250600,321270.000000,346470.340000,53572
USA-road-t.BAY,road,hot10,9,32.560930,321270.000000,346470.340000,53572
USA-road-t.BAY,road,hot10,10,32.476210,321270.000000,346470.340000,53572
USA-road-t.BAY,road,hot10,11,32.404400,321270.000000,346470.340000,53572
USA-road-t.BAY,road,hot11,1,32.479570,321270.000000,346470.720000,53840
USA-road-t.BAY,road,hot11,2,31.580250,321270.000000,346470.720000,53840
USA-road-t.BAY,road,hot11,3,32.058490,321270.000000,346470.720000,53840
USA-road-t.BAY,road,hot11,4,32.582210,321270.000000,346470.720000,53840
USA-road-t.BAY,road,hot11,5,32.221850,321270.000000,346470.720000,53840
USA-road-t.BAY,road,hot11,6,31.680290,321270.000000,346470.720000,53840
USA-road-t.BAY,road,hot11,7,33.041900,321270.000000,346470.720000,53840
USA-road-t.BAY,road,hot11,8,32.027720,321270.000000,346470.720000,53840
USA-road-t.BAY,road,hot11,9,32.113610,321270.000000,346470.720000,53840
USA-road-t.BAY,road,hot11,10,31.699780,321270.000000,346470.720000,53840
USA-road-t.BAY,road,hot11,11,32.113850,321270.000000,346470.720000,53840
USA-road-t.BAY,road,hot12,1,31.770640,321270.000000,346470.170000,54352
USA-road-t.BAY,road,hot12,2,31.890790,321270.000000,346470.170000,54352
USA-road-t.BAY,road,hot12,3,31.447270,321270.000000,346470.170000,54352
USA-road-t.BAY,road,hot12,4,31.580180,321270.000000,346470.170000,54352
USA-road-t.BAY,road,hot12,5,31.583900,321270.000000,346470.170000,54352
USA-road-t.BAY,road,hot12,6,31.530540,321270.000000,346470.170000,54352
USA-road-t.BAY,road,hot12,7,31.647100,321270.000000,346470.170000,54352
USA-road-t.BAY,road,hot12,8,31.463630,321270.000000,346470.170000,54352
USA-road-t.BAY,road,hot12,9,31.562630,321270.000000,346470.170000,54352
USA-road-t.BAY,road,hot12,10,31.759920,321270.000000,346470.170000,54352
USA-road-t.BAY,road,hot12,11,32.513340,321270.000000,346470.170000,54352
USA-road-t.BAY,road,hot13,1,31.774950,321270.000000,346470.170000,55412
USA-road-t.BAY,road,hot13,2,32.139650,321270.000000,346470.170000,55412
USA-road-t.BAY,road,hot13,3,31.876330,321270.000000,346470.170000,55412
USA-road-t.BAY,road,hot13,4,32.024420,321270.000000,346470.170000,55412
USA-road-t.BAY,road,hot13,5,32.382580,321270.000000,346470.170000,55412
USA-road-t.BAY,road,hot13,6,31.792290,321270.000000,346470.170000,55412
USA-road-t.BAY,road,hot13,7,32.165380,321270.000000,346470.170000,55412
USA-road-t.BAY,road,hot13,8,31.603840,321270.000000,346470.170000,55412
USA-road-t.BAY,road,hot13,9,32.612220,321270.000000,346470.170000,55412
USA-road-t.BAY,road,hot13,10,31.673470,321270.000000,346470.170000,55412
USA-road-t.BAY,road,hot13,11,32.030430,321270.000000,346470.170000,55412
USA-road-t.BAY,road,hot14,1,32.524170,321270.000000,346470.170000,56904
USA-road-t.BAY,road,hot14,2,32.644560,321270.000000,346470.170000,56904
USA-road-t.BAY,road,hot14,3,32.315180,321270.000000,346470.170000,56904
USA-road-t.BAY,road,hot14,4,32.520110,321270.000000,346470.170000,56904
USA-road-t.BAY,road,hot14,5,32.414650,321270.000000,346470.170000,56904
USA-road-t.BAY,road,hot14,6,32.452320,321270.000000,346470.170000,56904
USA-road-t.BAY,road,hot14,7,32.623570,321270.000000,346470.170000,56904
USA-road-t.BAY,road,hot14,8,32.519260,321270.000000,346470.170000,56904
USA-road-t.BAY,road,hot14,9,32.385340,321270.000000,346470.170000,56904
USA-road-t.BAY,road,hot14,10,32.629720,321270.000000,346470.170000,56904
USA-road-t.BAY,road,hot14,11,32.570590,321270.000000,346470.170000,56904
USA-road-t.BAY,road,hot15,1,33.997680,321270.000000,346470.170000,60180
USA-road-t.BAY,road,hot15,2,34.310510,321270.000000,346470.170000,60180
USA-road-t.BAY,road,hot15,3,34.227840,321270.000000,346470.170000,60180
USA-road-t.BAY,road,hot15,4,34.398040,321270.000000,346470.170000,60180
USA-road-t.BAY,road,hot15,5,34.097230,321270.000000,346470.170000,60180
USA-road-t.BAY,road,hot15,6,34.932530,321270.000000,346470.170000,60180
USA-road-t.BAY,road,hot15,7,34.107760,321270.000000,346470.170000,60180
USA-road-t.BAY,road,hot15,8,34.166630,321270.000000,346470.170000,60180
USA-road-t.BAY,road,hot15,9,34.203550,321270.000000,346470.170000,60180
USA-road-t.BAY,road,hot15,10,34.151580,321270.000000,346470.170000,60180
USA-road-t.BAY,road,hot15,11,34.328560,321270.000000,346470.170000,60180
USA-road-t.BAY,road,hot16,1,40.720130,321270.000000,346470.170000,65784
USA-road-t.BAY,road,hot16,2,40.319990,321270.000000,346470.170000,65784
USA-road-t.BAY,road,hot16,3,38.940530,321270.000000,346470.170000,65784
USA-road-t.BAY,road,hot16,4,38.091770,321270.000000,346470.170000,65784
USA-road-t.BAY,road,hot16,5,37.764450,321270.000000,346470.170000,65784
USA-road-t.BAY,road,hot16,6,38.039120,321270.000000,346470.170000,65784
USA-road-t.BAY,road,hot16,7,37.950650,321270.000000,346470.170000,65784
USA-road-t.BAY,road,hot16,8,37.887150,321270.000000,346470.170000,65784
USA-road-t.BAY,road,hot16,9,37.908520,321270.000000,346470.170000,65784
USA-road-t.BAY,road,hot16,10,37.955330,321270.000000,346470.170000,65784
USA-road-t.BAY,road,hot16,11,38.118890,321270.000000,346470.170000,65784
USA-road-t.BAY,road,hot17,1,40.641890,321270.000000,346470.170000,76824
USA-road-t.BAY,road,hot17,2,40.659030,321270.000000,346470.170000,76824
USA-road-t.BAY,road,hot17,3,40.474010,321270.000000,346470.170000,76824
USA-road-t.BAY,road,hot17,4,40.466420,321270.000000,346470.170000,76824
USA-road-t.BAY,road,hot17,5,40.482300,321270.000000,346470.170000,76824
USA-road-t.BAY,road,hot17,6,40.572170,321270.000000,346470.170000,76824
USA-road-t.BAY,road,hot17,7,40.544300,321270.000000,346470.170000,76824
USA-road-t.BAY,road,hot17,8,40.142550,321270.000000,346470.170000,76824
USA-road-t.BAY,road,hot17,9,40.691280,321270.000000,346470.170000,76824
USA-road-t.BAY,road,hot17,10,40.785550,321270.000000,346470.170000,76824
USA-road-t.BAY,road,hot17,11,40.409080,321270.000000,346470.170000,76824
USA-road-t.BAY,road,hot18,1,40.597960,321270.000000,346470.170000,97740
USA-road-t.BAY,road,hot18,2,40.688740,321270.000000,346470.170000,97740
USA-road-t.BAY,road,hot18,3,41.026260,321270.000000,346470.170000,97740
USA-road-t.BAY,road,hot18,4,40.828630,321270.000000,346470.170000,97740
USA-road-t.BAY,road,hot18,5,40.954350,321270.000000,346470.170000,97740
USA-road-t.BAY,road,hot18,6,40.846740,321270.000000,346470.170000,97740
USA-road-t.BAY,road,hot18,7,41.182570,321270.000000,346470.170000,97740
USA-road-t.BAY,road,hot18,8,40.779720,321270.000000,346470.170000,97740
USA-road-t.BAY,road,hot18,9,40.984580,321270.000000,346470.170000,97740
USA-road-t.BAY,road,hot18,10,41.249520,321270.000000,346470.170000,97740
USA-road-t.BAY,road,hot18,11,41.258460,321270.000000,346470.170000,97740
USA-road-t.COL,road,hot10,1,51.506780,435666.000000,464673.920000,70376
USA-road-t.COL,road,hot10,2,52.409420,435666.000000,464673.920000,70376
USA-road-t.COL,road,hot10,3,52.074570,435666.000000,464673.920000,70376
USA-road-t.COL,road,hot10,4,54.529730,435666.000000,464673.920000,70376
USA-road-t.COL,road,hot10,5,52.255210,435666.000000,464673.920000,70376
USA-road-t.COL,road,hot10,6,51.759000,435666.000000,464673.920000,70376
USA-road-t.COL,road,hot10,7,51.997170,435666.000000,464673.920000,70376
USA-road-t.COL,road,hot10,8,51.491400,435666.000000,464673.920000,70376
USA-road-t.COL,road,hot10,9,52.488840,435666.000000,464673.920000,70376
USA-road-t.COL,road,hot10,10,51.925480,435666.000000,464673.920000,70376
USA-road-t.COL,road,hot10,11,51.575770,435666.000000,464673.920000,70376
USA-road-t.COL,road,hot11,1,47.955880,435666.000000,464674.480000,70304
USA-road-t.COL,road,hot11,2,47.981130,435666.000000,464674.480000,70304
USA-road-t.COL,road,hot11,3,47.915480,435666.000000,464674.480000,70304
USA-road-t.COL,road,hot11,4,47.799630,435666.000000,464674.480000,70304
USA-road-t.COL,road,hot11,5,48.263400,435666.000000,464674.480000,70304
USA-road-t.COL,road,hot11,6,48.028240,435666.000000,464674.480000,70304
USA-road-t.COL,road,hot11,7,48.750820,435666.000000,464674.480000,70304
USA-road-t.COL,road,hot11,8,47.927320,435666.000000,464674.480000,70304
USA-road-t.COL,road,hot11,9,48.681150,435666.000000,464674.480000,70304
USA-road-t.COL,road,hot11,10,48.750030,435666.000000,464674.480000,70304
USA-road-t.COL,road,hot11,11,48.548200,435666.000000,464674.480000,70304
USA-road-t.COL,road,hot12,1,46.606490,435666.000000,464674.030000,70984
USA-road-t.COL,road,hot12,2,47.594940,435666.000000,464674.030000,70984
USA-road-t.COL,road,hot12,3,47.512550,435666.000000,464674.030000,70984
USA-road-t.COL,road,hot12,4,48.132050,435666.000000,464674.030000,70984
USA-road-t.COL,road,hot12,5,46.094010,435666.000000,464674.030000,70984
USA-road-t.COL,road,hot12,6,47.544970,435666.000000,464674.030000,70984
USA-road-t.COL,road,hot12,7,46.544460,435666.000000,464674.030000,70984
USA-road-t.COL,road,hot12,8,46.231810,435666.000000,464674.030000,70984
USA-road-t.COL,road,hot12,9,46.676470,435666.000000,464674.030000,70984
USA-road-t.COL,road,hot12,10,47.434610,435666.000000,464674.030000,70984
USA-road-t.COL,road,hot12,11,46.674150,435666.000000,464674.030000,70984
USA-road-t.COL,road,hot13,1,45.831800,435666.000000,464674.190000,71704
USA-road-t.COL,road,hot13,2,46.593350,435666.000000,464674.190000,71704
USA-road-t.COL,road,hot13,3,46.196810,435666.000000,464674.190000,71704
USA-road-t.COL,road,hot13,4,45.877540,435666.000000,464674.190000,71704
USA-road-t.COL,road,hot13,5,46.674180,435666.000000,464674.190000,71704
USA-road-t.COL,road,hot13,6,46.287810,435666.000000,464674.190000,71704
USA-road-t.COL,road,hot13,7,46.065680,435666.000000,464674.190000,71704
USA-road-t.COL,road,hot13,8,45.705910,435666.000000,464674.190000,71704
USA-road-t.COL,road,hot13,9,46.665140,435666.000000,464674.190000,71704
USA-road-t.COL,road,hot13,10,45.682100,435666.000000,464674.190000,71704
USA-road-t.COL,road,hot13,11,47.066100,435666.000000,464674.190000,71704
USA-road-t.COL,road,hot14,1,47.174900,435666.000000,464674.190000,73120
USA-road-t.COL,road,hot14,2,46.650410,435666.000000,464674.190000,73120
USA-road-t.COL,road,hot14,3,46.832240,435666.000000,464674.190000,73120
USA-road-t.COL,road,hot14,4,47.598050,435666.000000,464674.190000,73120
USA-road-t.COL,road,hot14,5,47.075240,435666.000000,464674.190000,73120
USA-road-t.COL,road,hot14,6,47.483570,435666.000000,464674.190000,73120
USA-road-t.COL,road,hot14,7,47.947980,435666.000000,464674.190000,73120
USA-road-t.COL,road,hot14,8,47.465040,435666.000000,464674.190000,73120
USA-road-t.COL,road,hot14,9,47.037840,435666.000000,464674.190000,73120
USA-road-t.COL,road,hot14,10,46.744690,435666.000000,464674.190000,73120
USA-road-t.COL,road,hot14,11,47.434370,435666.000000,464674.190000,73120
USA-road-t.COL,road,hot15,1,49.244790,435666.000000,464674.190000,76012
USA-road-t.COL,road,hot15,2,50.070140,435666.000000,464674.190000,76012
USA-road-t.COL,road,hot15,3,48.619460,435666.000000,464674.190000,76012
USA-road-t.COL,road,hot15,4,49.430110,435666.000000,464674.190000,76012
USA-road-t.COL,road,hot15,5,49.670390,435666.000000,464674.190000,76012
USA-road-t.COL,road,hot15,6,49.600180,435666.000000,464674.190000,76012
USA-road-t.COL,road,hot15,7,49.666240,435666.000000,464674.190000,76012
USA-road-t.COL,road,hot15,8,50.772570,435666.000000,464674.190000,76012
USA-road-t.COL,road,hot15,9,49.436780,435666.000000,464674.190000,76012
USA-road-t.COL,road,hot15,10,49.627740,435666.000000,464674.190000,76012
USA-road-t.COL,road,hot15,11,49.153410,435666.000000,464674.190000,76012
USA-road-t.COL,road,hot16,1,54.658430,435666.000000,464674.190000,81416
USA-road-t.COL,road,hot16,2,54.307510,435666.000000,464674.190000,81416
USA-road-t.COL,road,hot16,3,54.333990,435666.000000,464674.190000,81416
USA-road-t.COL,road,hot16,4,53.896580,435666.000000,464674.190000,81416
USA-road-t.COL,road,hot16,5,53.881370,435666.000000,464674.190000,81416
USA-road-t.COL,road,hot16,6,53.959040,435666.000000,464674.190000,81416
USA-road-t.COL,road,hot16,7,54.155410,435666.000000,464674.190000,81416
USA-road-t.COL,road,hot16,8,54.842410,435666.000000,464674.190000,81416
USA-road-t.COL,road,hot16,9,54.401490,435666.000000,464674.190000,81416
USA-road-t.COL,road,hot16,10,54.167400,435666.000000,464674.190000,81416
USA-road-t.COL,road,hot16,11,54.326880,435666.000000,464674.190000,81416
USA-road-t.COL,road,hot17,1,58.455350,435666.000000,464674.190000,91948
USA-road-t.COL,road,hot17,2,59.086470,435666.000000,464674.190000,91948
USA-road-t.COL,road,hot17,3,58.653420,435666.000000,464674.190000,91948
USA-road-t.COL,road,hot17,4,59.489850,435666.000000,464674.190000,91948
USA-road-t.COL,road,hot17,5,58.876730,435666.000000,464674.190000,91948
USA-road-t.COL,road,hot17,6,58.537760,435666.000000,464674.190000,91948
USA-road-t.COL,road,hot17,7,58.479130,435666.000000,464674.190000,91948
USA-road-t.COL,road,hot17,8,58.483910,435666.000000,464674.190000,91948
USA-road-t.COL,road,hot17,9,59.387660,435666.000000,464674.190000,91948
USA-road-t.COL,road,hot17,10,59.281070,435666.000000,464674.190000,91948
USA-road-t.COL,road,hot17,11,58.672290,435666.000000,464674.190000,91948
USA-road-t.COL,road,hot18,1,61.744560,435666.000000,464674.190000,109988
USA-road-t.COL,road,hot18,2,61.947840,435666.000000,464674.190000,109988
USA-road-t.COL,road,hot18,3,61.617700,435666.000000,464674.190000,109988
USA-road-t.COL,road,hot18,4,61.498410,435666.000000,464674.190000,109988
USA-road-t.COL,road,hot18,5,61.610750,435666.000000,464674.190000,109988
USA-road-t.COL,road,hot18,6,60.958020,435666.000000,464674.190000,109988
USA-road-t.COL,road,hot18,7,61.490640,435666.000000,464674.190000,109988
USA-road-t.COL,road,hot18,8,61.948710,435666.000000,464674.190000,109988
USA-road-t.COL,road,hot18,9,61.698270,435666.000000,464674.190000,109988
USA-road-t.COL,road,hot18,10,61.598890,435666.000000,464674.190000,109988
USA-road-t.COL,road,hot18,11,61.613700,435666.000000,464674.190000,109988
USA-road-t.FLA,road,hot10,1,143.383210,1070376.000000,1164094.010000,170132
USA-road-t.FLA,road,hot10,2,142.511460,1070376.000000,1164094.010000,170132
USA-road-t.FLA,road,hot10,3,144.525660,1070376.000000,1164094.010000,170132
USA-road-t.FLA,road,hot10,4,148.190960,1070376.000000,1164094.010000,170132
USA-road-t.FLA,road,hot10,5,147.910210,1070376.000000,1164094.010000,170132
USA-road-t.FLA,road,hot10,6,146.053980,1070376.000000,1164094.010000,170132
USA-road-t.FLA,road,hot10,7,143.188520,1070376.000000,1164094.010000,170132
USA-road-t.FLA,road,hot10,8,144.425050,1070376.000000,1164094.010000,170132
USA-road-t.FLA,road,hot10,9,143.682720,1070376.000000,1164094.010000,170132
USA-road-t.FLA,road,hot10,10,146.005730,1070376.000000,1164094.010000,170132
USA-road-t.FLA,road,hot10,11,145.672820,1070376.000000,1164094.010000,170132
USA-road-t.FLA,road,hot11,1,130.823890,1070376.000000,1164099.350000,170416
USA-road-t.FLA,road,hot11,2,127.033440,1070376.000000,1164099.350000,170416
USA-road-t.FLA,road,hot11,3,128.603520,1070376.000000,1164099.350000,170416
USA-road-t.FLA,road,hot11,4,130.059830,1070376.000000,1164099.350000,170416
USA-road-t.FLA,road,hot11,5,129.309730,1070376.000000,1164099.350000,170416
USA-road-t.FLA,road,hot11,6,127.524240,1070376.000000,1164099.350000,170416
USA-road-t.FLA,road,hot11,7,126.707420,1070376.000000,1164099.350000,170416
USA-road-t.FLA,road,hot11,8,126.767700,1070376.000000,1164099.350000,170416
USA-road-t.FLA,road,hot11,9,126.750430,1070376.000000,1164099.350000,170416
USA-road-t.FLA,road,hot11,10,128.492810,1070376.000000,1164099.350000,170416
USA-road-t.FLA,road,hot11,11,126.486620,1070376.000000,1164099.350000,170416
USA-road-t.FLA,road,hot12,1,120.696240,1070376.000000,1164101.300000,170768
USA-road-t.FLA,road,hot12,2,122.419960,1070376.000000,1164101.300000,170768
USA-road-t.FLA,road,hot12,3,121.304320,1070376.000000,1164101.300000,170768
USA-road-t.FLA,road,hot12,4,121.501710,1070376.000000,1164101.300000,170768
USA-road-t.FLA,road,hot12,5,121.074100,1070376.000000,1164101.300000,170768
USA-road-t.FLA,road,hot12,6,121.041030,1070376.000000,1164101.300000,170768
USA-road-t.FLA,road,hot12,7,121.665940,1070376.000000,1164101.300000,170768
USA-road-t.FLA,road,hot12,8,123.712670,1070376.000000,1164101.300000,170768
USA-road-t.FLA,road,hot12,9,125.240060,1070376.000000,1164101.300000,170768
USA-road-t.FLA,road,hot12,10,122.721680,1070376.000000,1164101.300000,170768
USA-road-t.FLA,road,hot12,11,122.331390,1070376.000000,1164101.300000,170768
USA-road-t.FLA,road,hot13,1,122.022820,1070376.000000,1164100.660000,171564
USA-road-t.FLA,road,hot13,2,121.156790,1070376.000000,1164100.660000,171564
USA-road-t.FLA,road,hot13,3,123.544840,1070376.000000,1164100.660000,171564
USA-road-t.FLA,road,hot13,4,124.474120,1070376.000000,1164100.660000,171564
USA-road-t.FLA,road,hot13,5,122.972920,1070376.000000,1164100.660000,171564
USA-road-t.FLA,road,hot13,6,124.900950,1070376.000000,1164100.660000,171564
USA-road-t.FLA,road,hot13,7,124.737910,1070376.000000,1164100.660000,171564
USA-road-t.FLA,road,hot13,8,122.306070,1070376.000000,1164100.660000,171564
USA-road-t.FLA,road,hot13,9,124.857300,1070376.000000,1164100.660000,171564
USA-road-t.FLA,road,hot13,10,122.888460,1070376.000000,1164100.660000,171564
USA-road-t.FLA,road,hot13,11,121.827530,1070376.000000,1164100.660000,171564
USA-road-t.FLA,road,hot14,1,123.974690,1070376.000000,1164100.560000,173048
USA-road-t.FLA,road,hot14,2,123.407560,1070376.000000,1164100.560000,173048
USA-road-t.FLA,road,hot14,3,125.068900,1070376.000000,1164100.560000,173048
USA-road-t.FLA,road,hot14,4,123.435390,1070376.000000,1164100.560000,173048
USA-road-t.FLA,road,hot14,5,123.188000,1070376.000000,1164100.560000,173048
USA-road-t.FLA,road,hot14,6,124.088860,1070376.000000,1164100.560000,173048
USA-road-t.FLA,road,hot14,7,124.593150,1070376.000000,1164100.560000,173048
USA-road-t.FLA,road,hot14,8,124.148170,1070376.000000,1164100.560000,173048
USA-road-t.FLA,road,hot14,9,126.572900,1070376.000000,1164100.560000,173048
USA-road-t.FLA,road,hot14,10,122.445870,1070376.000000,1164100.560000,173048
USA-road-t.FLA,road,hot14,11,123.990660,1070376.000000,1164100.560000,173048
USA-road-t.FLA,road,hot15,1,127.221770,1070376.000000,1164100.560000,175848
USA-road-t.FLA,road,hot15,2,127.360330,1070376.000000,1164100.560000,175848
USA-road-t.FLA,road,hot15,3,127.841660,1070376.000000,1164100.560000,175848
USA-road-t.FLA,road,hot15,4,128.446370,1070376.000000,1164100.560000,175848
USA-road-t.FLA,road,hot15,5,128.173300,1070376.000000,1164100.560000,175848
USA-road-t.FLA,road,hot15,6,128.923120,1070376.000000,1164100.560000,175848
USA-road-t.FLA,road,hot15,7,131.502410,1070376.000000,1164100.560000,175848
USA-road-t.FLA,road,hot15,8,129.048460,1070376.000000,1164100.560000,175848
USA-road-t.FLA,road,hot15,9,130.413480,1070376.000000,1164100.560000,175848
USA-road-t.FLA,road,hot15,10,131.178020,1070376.000000,1164100.560000,175848
USA-road-t.FLA,road,hot15,11,130.981050,1070376.000000,1164100.560000,175848
USA-road-t.FLA,road,hot16,1,143.879240,1070376.000000,1164100.560000,181444
USA-road-t.FLA,road,hot16,2,142.770100,1070376.000000,1164100.560000,181444
USA-road-t.FLA,road,hot16,3,143.867080,1070376.000000,1164100.560000,181444
USA-road-t.FLA,road,hot16,4,143.029800,1070376.000000,1164100.560000,181444
USA-road-t.FLA,road,hot16,5,142.924070,1070376.000000,1164100.560000,181444
USA-road-t.FLA,road,hot16,6,142.059820,1070376.000000,1164100.560000,181444
USA-road-t.FLA,road,hot16,7,142.328260,1070376.000000,1164100.560000,181444
USA-road-t.FLA,road,hot16,8,143.483460,1070376.000000,1164100.560000,181444
USA-road-t.FLA,road,hot16,9,143.173860,1070376.000000,1164100.560000,181444
USA-road-t.FLA,road,hot16,10,147.763860,1070376.000000,1164100.560000,181444
USA-road-t.FLA,road,hot16,11,143.584970,1070376.000000,1164100.560000,181444
USA-road-t.FLA,road,hot17,1,155.579110,1070376.000000,1164100.560000,192560
USA-road-t.FLA,road,hot17,2,156.256330,1070376.000000,1164100.560000,192560
USA-road-t.FLA,road,hot17,3,154.418300,1070376.000000,1164100.560000,192560
USA-road-t.FLA,road,hot17,4,156.699300,1070376.000000,1164100.560000,192560
USA-road-t.FLA,road,hot17,5,156.240960,1070376.000000,1164100.560000,192560
USA-road-t.FLA,road,hot17,6,155.466340,1070376.000000,1164100.560000,192560
USA-road-t.FLA,road,hot17,7,155.155210,1070376.000000,1164100.560000,192560
USA-road-t.FLA,road,hot17,8,156.210780,1070376.000000,1164100.560000,192560
USA-road-t.FLA,road,hot17,9,155.356080,1070376.000000,1164100.560000,192560
USA-road-t.FLA,road,hot17,10,157.166400,1070376.000000,1164100.560000,192560
USA-road-t.FLA,road,hot17,11,154.807310,1070376.000000,1164100.560000,192560
USA-road-t.FLA,road,hot18,1,161.881520,1070376.000000,1164100.560000,213284
USA-road-t.FLA,road,hot18,2,160.562400,1070376.000000,1164100.560000,213284
USA-road-t.FLA,road,hot18,3,160.695660,1070376.000000,1164100.560000,213284
USA-road-t.FLA,road,hot18,4,160.829370,1070376.000000,1164100.560000,213284
USA-road-t.FLA,road,hot18,5,161.010200,1070376.000000,1164100.560000,213284
USA-road-t.FLA,road,hot18,6,161.104990,1070376.000000,1164100.560000,213284
USA-road-t.FLA,road,hot18,7,161.502280,1070376.000000,1164100.560000,213284
USA-road-t.FLA,road,hot18,8,161.670020,1070376.000000,1164100.560000,213284
USA-road-t.FLA,road,hot18,9,162.760000,1070376.000000,1164100.560000,213284
USA-road-t.FLA,road,hot18,10,163.320750,1070376.000000,1164100.560000,213284
USA-road-t.FLA,road,hot18,11,161.418920,1070376.000000,1164100.560000,213284
USA-road-t.BAY,road,v3_bw1,1,31.173330,321270.000000,346469.790000,60420
USA-road-t.BAY,road,v3_bw1,2,31.346570,321270.000000,346469.790000,60420
USA-road-t.BAY,road,v3_bw1,3,31.405880,321270.000000,346469.790000,60420
USA-road-t.BAY,road,v3_bw1,4,31.304040,321270.000000,346469.790000,60420
USA-road-t.BAY,road,v3_bw1,5,31.149170,321270.000000,346469.790000,60420
USA-road-t.BAY,road,v3_bw1,6,31.541100,321270.000000,346469.790000,60420
USA-road-t.BAY,road,v3_bw1,7,31.084130,321270.000000,346469.790000,60420
USA-road-t.BAY,road,v3_bw1,8,30.965220,321270.000000,346469.790000,60420
USA-road-t.BAY,road,v3_bw1,9,30.952940,321270.000000,346469.790000,60420
USA-road-t.BAY,road,v3_bw1,10,31.124030,321270.000000,346469.790000,60420
USA-road-t.BAY,road,v3_bw1,11,31.240470,321270.000000,346469.790000,60420
USA-road-t.BAY,road,v3_bw2,1,30.639910,321270.000000,346470.780000,60408
USA-road-t.BAY,road,v3_bw2,2,31.299240,321270.000000,346470.780000,60408
USA-road-t.BAY,road,v3_bw2,3,30.894770,321270.000000,346470.780000,60408
USA-road-t.BAY,road,v3_bw2,4,30.640070,321270.000000,346470.780000,60408
USA-road-t.BAY,road,v3_bw2,5,30.702770,321270.000000,346470.780000,60408
USA-road-t.BAY,road,v3_bw2,6,30.579120,321270.000000,346470.780000,60408
USA-road-t.BAY,road,v3_bw2,7,30.547990,321270.000000,346470.780000,60408
USA-road-t.BAY,road,v3_bw2,8,30.748250,321270.000000,346470.780000,60408
USA-road-t.BAY,road,v3_bw2,9,30.422630,321270.000000,346470.780000,60408
USA-road-t.BAY,road,v3_bw2,10,30.816930,321270.000000,346470.780000,60408
USA-road-t.BAY,road,v3_bw2,11,30.630250,321270.000000,346470.780000,60408
USA-road-t.BAY,road,v3_bw3,1,30.721540,321270.000000,346469.340000,60396
USA-road-t.BAY,road,v3_bw3,2,30.825130,321270.000000,346469.340000,60396
USA-road-t.BAY,road,v3_bw3,3,30.435350,321270.000000,346469.340000,60396
USA-road-t.BAY,road,v3_bw3,4,31.011110,321270.000000,346469.340000,60396
USA-road-t.BAY,road,v3_bw3,5,30.655660,321270.000000,346469.340000,60396
USA-road-t.BAY,road,v3_bw3,6,30.479000,321270.000000,346469.340000,60396
USA-road-t.BAY,road,v3_bw3,7,30.416620,321270.000000,346469.340000,60396
USA-road-t.BAY,road,v3_bw3,8,30.963600,321270.000000,346469.340000,60396
USA-road-t.BAY,road,v3_bw3,9,30.433960,321270.000000,346469.340000,60396
USA-road-t.BAY,road,v3_bw3,10,30.485510,321270.000000,346469.340000,60396
USA-road-t.BAY,road,v3_bw3,11,30.478710,321270.000000,346469.340000,60396
USA-road-t.BAY,road,v3_bw4,1,30.257140,321270.000000,346470.170000,60492
USA-road-t.BAY,road,v3_bw4,2,30.243920,321270.000000,346470.170000,60492
USA-road-t.BAY,road,v3_bw4,3,30.293640,321270.000000,346470.170000,60492
USA-road-t.BAY,road,v3_bw4,4,29.988640,321270.000000,346470.170000,60492
USA-road-t.BAY,road,v3_bw4,5,30.695760,321270.000000,346470.170000,60492
USA-road-t.BAY,road,v3_bw4,6,30.095460,321270.000000,346470.170000,60492
USA-road-t.BAY,road,v3_bw4,7,30.100260,321270.000000,346470.170000,60492
USA-road-t.BAY,road,v3_bw4,8,30.075000,321270.000000,346470.170000,60492
USA-road-t.BAY,road,v3_bw4,9,30.257590,321270.000000,346470.170000,60492
USA-road-t.BAY,road,v3_bw4,10,29.999040,321270.000000,346470.170000,60492
USA-road-t.BAY,road,v3_bw4,11,29.770600,321270.000000,346470.170000,60492
USA-road-t.BAY,road,v3_bw6,1,29.603890,321270.000000,346471.170000,60372
USA-road-t.BAY,road,v3_bw6,2,30.017960,321270.000000,346471.170000,60372
USA-road-t.BAY,road,v3_bw6,3,29.409060,321270.000000,346471.170000,60372
USA-road-t.BAY,road,v3_bw6,4,29.941450,321270.000000,346471.170000,60372
USA-road-t.BAY,road,v3_bw6,5,29.946180,321270.000000,346471.170000,60372
USA-road-t.BAY,road,v3_bw6,6,29.453330,321270.000000,346471.170000,60372
USA-road-t.BAY,road,v3_bw6,7,29.389960,321270.000000,346471.170000,60372
USA-road-t.BAY,road,v3_bw6,8,29.252910,321270.000000,346471.170000,60372
USA-road-t.BAY,road,v3_bw6,9,29.629930,321270.000000,346471.170000,60372
USA-road-t.BAY,road,v3_bw6,10,29.508530,321270.000000,346471.170000,60372
USA-road-t.BAY,road,v3_bw6,11,29.357010,321270.000000,346471.170000,60372
USA-road-t.BAY,road,v3_bw8,1,28.895740,321270.000000,346473.010000,60380
USA-road-t.BAY,road,v3_bw8,2,28.878320,321270.000000,346473.010000,60380
USA-road-t.BAY,road,v3_bw8,3,28.855300,321270.000000,346473.010000,60380
USA-road-t.BAY,road,v3_bw8,4,28.955660,321270.000000,346473.010000,60380
USA-road-t.BAY,road,v3_bw8,5,29.163760,321270.000000,346473.010000,60380
USA-road-t.BAY,road,v3_bw8,6,28.801720,321270.000000,346473.010000,60380
USA-road-t.BAY,road,v3_bw8,7,29.363810,321270.000000,346473.010000,60380
USA-road-t.BAY,road,v3_bw8,8,29.315480,321270.000000,346473.010000,60380
USA-road-t.BAY,road,v3_bw8,9,28.894570,321270.000000,346473.010000,60380
USA-road-t.BAY,road,v3_bw8,10,28.664010,321270.000000,346473.010000,60380
USA-road-t.BAY,road,v3_bw8,11,28.361290,321270.000000,346473.010000,60380
USA-road-t.COL,road,v3_bw1,1,44.857340,435666.000000,464675.880000,79988
USA-road-t.COL,road,v3_bw1,2,44.732900,435666.000000,464675.880000,79988
USA-road-t.COL,road,v3_bw1,3,44.340360,435666.000000,464675.880000,79988
USA-road-t.COL,road,v3_bw1,4,44.643000,435666.000000,464675.880000,79988
USA-road-t.COL,road,v3_bw1,5,45.116470,435666.000000,464675.880000,79988
USA-road-t.COL,road,v3_bw1,6,44.548750,435666.000000,464675.880000,79988
USA-road-t.COL,road,v3_bw1,7,45.013180,435666.000000,464675.880000,79988
USA-road-t.COL,road,v3_bw1,8,44.569220,435666.000000,464675.880000,79988
USA-road-t.COL,road,v3_bw1,9,44.444210,435666.000000,464675.880000,79988
USA-road-t.COL,road,v3_bw1,10,44.646950,435666.000000,464675.880000,79988
USA-road-t.COL,road,v3_bw1,11,45.077910,435666.000000,464675.880000,79988
USA-road-t.COL,road,v3_bw2,1,43.007160,435666.000000,464675.580000,79868
USA-road-t.COL,road,v3_bw2,2,42.840450,435666.000000,464675.580000,79868
USA-road-t.COL,road,v3_bw2,3,43.137710,435666.000000,464675.580000,79868
USA-road-t.COL,road,v3_bw2,4,43.164850,435666.000000,464675.580000,79868
USA-road-t.COL,road,v3_bw2,5,43.169920,435666.000000,464675.580000,79868
USA-road-t.COL,road,v3_bw2,6,42.986960,435666.000000,464675.580000,79868
USA-road-t.COL,road,v3_bw2,7,43.073850,435666.000000,464675.580000,79868
USA-road-t.COL,road,v3_bw2,8,42.856600,435666.000000,464675.580000,79868
USA-road-t.COL,road,v3_bw2,9,42.689980,435666.000000,464675.580000,79868
USA-road-t.COL,road,v3_bw2,10,42.898060,435666.000000,464675.580000,79868
USA-road-t.COL,road,v3_bw2,11,42.799990,435666.000000,464675.580000,79868
USA-road-t.COL,road,v3_bw3,1,42.627340,435666.000000,464674.150000,80104
USA-road-t.COL,road,v3_bw3,2,42.445880,435666.000000,464674.150000,80104
USA-road-t.COL,road,v3_bw3,3,42.669790,435666.000000,464674.150000,80104
USA-road-t.COL,road,v3_bw3,4,42.818230,435666.000000,464674.150000,80104
USA-road-t.COL,road,v3_bw3,5,42.877290,435666.000000,464674.150000,80104
USA-road-t.COL,road,v3_bw3,6,42.804770,435666.000000,464674.150000,80104
USA-road-t.COL,road,v3_bw3,7,42.547630,435666.000000,464674.150000,80104
USA-road-t.COL,road,v3_bw3,8,42.849210,435666.000000,464674.150000,80104
USA-road-t.COL,road,v3_bw3,9,42.823090,435666.000000,464674.150000,80104
USA-road-t.COL,road,v3_bw3,10,42.843790,435666.000000,464674.150000,80104
USA-road-t.COL,road,v3_bw3,11,42.944200,435666.000000,464674.150000,80104
USA-road-t.COL,road,v3_bw4,1,42.675920,435666.000000,464674.190000,80068
USA-road-t.COL,road,v3_bw4,2,42.439090,435666.000000,464674.190000,80068
USA-road-t.COL,road,v3_bw4,3,42.797560,435666.000000,464674.190000,80068
USA-road-t.COL,road,v3_bw4,4,42.501330,435666.000000,464674.190000,80068
USA-road-t.COL,road,v3_bw4,5,43.674380,435666.000000,464674.190000,80068
USA-road-t.COL,road,v3_bw4,6,43.195920,435666.000000,464674.190000,80068
USA-road-t.COL,road,v3_bw4,7,42.795560,435666.000000,464674.190000,80068
USA-road-t.COL,road,v3_bw4,8,43.423880,435666.000000,464674.190000,80068
USA-road-t.COL,road,v3_bw4,9,42.716850,435666.000000,464674.190000,80068
USA-road-t.COL,road,v3_bw4,10,43.433000,435666.000000,464674.190000,80068
USA-road-t.COL,road,v3_bw4,11,42.489590,435666.000000,464674.190000,80068
USA-road-t.COL,road,v3_bw6,1,42.973000,435666.000000,464674.690000,79980
USA-road-t.COL,road,v3_bw6,2,43.629190,435666.000000,464674.690000,79980
USA-road-t.COL,road,v3_bw6,3,42.787040,435666.000000,464674.690000,79980
USA-road-t.COL,road,v3_bw6,4,42.537810,435666.000000,464674.690000,79980
USA-road-t.COL,road,v3_bw6,5,42.619080,435666.000000,464674.690000,79980
USA-road-t.COL,road,v3_bw6,6,43.224850,435666.000000,464674.690000,79980
USA-road-t.COL,road,v3_bw6,7,43.453640,435666.000000,464674.690000,79980
USA-road-t.COL,road,v3_bw6,8,44.209630,435666.000000,464674.690000,79980
USA-road-t.COL,road,v3_bw6,9,42.397710,435666.000000,464674.690000,79980
USA-road-t.COL,road,v3_bw6,10,42.208310,435666.000000,464674.690000,79980
USA-road-t.COL,road,v3_bw6,11,42.050620,435666.000000,464674.690000,79980
USA-road-t.COL,road,v3_bw8,1,41.159720,435666.000000,464676.180000,80108
USA-road-t.COL,road,v3_bw8,2,41.676070,435666.000000,464676.180000,80108
USA-road-t.COL,road,v3_bw8,3,41.827780,435666.000000,464676.180000,80108
USA-road-t.COL,road,v3_bw8,4,41.458830,435666.000000,464676.180000,80108
USA-road-t.COL,road,v3_bw8,5,41.705260,435666.000000,464676.180000,80108
USA-road-t.COL,road,v3_bw8,6,41.714520,435666.000000,464676.180000,80108
USA-road-t.COL,road,v3_bw8,7,41.445430,435666.000000,464676.180000,80108
USA-road-t.COL,road,v3_bw8,8,41.682630,435666.000000,464676.180000,80108
USA-road-t.COL,road,v3_bw8,9,41.662470,435666.000000,464676.180000,80108
USA-road-t.COL,road,v3_bw8,10,41.601080,435666.000000,464676.180000,80108
USA-road-t.COL,road,v3_bw8,11,41.765790,435666.000000,464676.180000,80108
USA-road-t.FLA,road,v3_bw1,1,118.748950,1070376.000000,1164092.860000,194648
USA-road-t.FLA,road,v3_bw1,2,119.844150,1070376.000000,1164092.860000,194648
USA-road-t.FLA,road,v3_bw1,3,117.722730,1070376.000000,1164092.860000,194648
USA-road-t.FLA,road,v3_bw1,4,119.567760,1070376.000000,1164092.860000,194648
USA-road-t.FLA,road,v3_bw1,5,117.896930,1070376.000000,1164092.860000,194648
USA-road-t.FLA,road,v3_bw1,6,119.122520,1070376.000000,1164092.860000,194648
USA-road-t.FLA,road,v3_bw1,7,120.673500,1070376.000000,1164092.860000,194648
USA-road-t.FLA,road,v3_bw1,8,119.412390,1070376.000000,1164092.860000,194648
USA-road-t.FLA,road,v3_bw1,9,118.676620,1070376.000000,1164092.860000,194648
USA-road-t.FLA,road,v3_bw1,10,118.499320,1070376.000000,1164092.860000,194648
USA-road-t.FLA,road,v3_bw1,11,117.977060,1070376.000000,1164092.860000,194648
USA-road-t.FLA,road,v3_bw2,1,112.111670,1070376.000000,1164095.100000,194632
USA-road-t.FLA,road,v3_bw2,2,113.483090,1070376.000000,1164095.100000,194632
USA-road-t.FLA,road,v3_bw2,3,113.460050,1070376.000000,1164095.100000,194632
USA-road-t.FLA,road,v3_bw2,4,114.315720,1070376.000000,1164095.100000,194632
USA-road-t.FLA,road,v3_bw2,5,116.743450,1070376.000000,1164095.100000,194632
USA-road-t.FLA,road,v3_bw2,6,113.023090,1070376.000000,1164095.100000,194632
USA-road-t.FLA,road,v3_bw2,7,113.461990,1070376.000000,1164095.100000,194632
USA-road-t.FLA,road,v3_bw2,8,112.108450,1070376.000000,1164095.100000,194632
USA-road-t.FLA,road,v3_bw2,9,113.211580,1070376.000000,1164095.100000,194632
USA-road-t.FLA,road,v3_bw2,10,114.161190,1070376.000000,1164095.100000,194632
USA-road-t.FLA,road,v3_bw2,11,113.120150,1070376.000000,1164095.100000,194632
USA-road-t.FLA,road,v3_bw3,1,112.484220,1070376.000000,1164098.630000,194604
USA-road-t.FLA,road,v3_bw3,2,114.281820,1070376.000000,1164098.630000,194604
USA-road-t.FLA,road,v3_bw3,3,111.995700,1070376.000000,1164098.630000,194604
USA-road-t.FLA,road,v3_bw3,4,111.508030,1070376.000000,1164098.630000,194604
USA-road-t.FLA,road,v3_bw3,5,111.495740,1070376.000000,1164098.630000,194604
USA-road-t.FLA,road,v3_bw3,6,110.366580,1070376.000000,1164098.630000,194604
USA-road-t.FLA,road,v3_bw3,7,112.708070,1070376.000000,1164098.630000,194604
USA-road-t.FLA,road,v3_bw3,8,110.680340,1070376.000000,1164098.630000,194604
USA-road-t.FLA,road,v3_bw3,9,110.806780,1070376.000000,1164098.630000,194604
USA-road-t.FLA,road,v3_bw3,10,110.994200,1070376.000000,1164098.630000,194604
USA-road-t.FLA,road,v3_bw3,11,112.163670,1070376.000000,1164098.630000,194604
USA-road-t.FLA,road,v3_bw4,1,111.016620,1070376.000000,1164100.560000,194568
USA-road-t.FLA,road,v3_bw4,2,110.544210,1070376.000000,1164100.560000,194568
USA-road-t.FLA,road,v3_bw4,3,111.162450,1070376.000000,1164100.560000,194568
USA-road-t.FLA,road,v3_bw4,4,111.294780,1070376.000000,1164100.560000,194568
USA-road-t.FLA,road,v3_bw4,5,111.716990,1070376.000000,1164100.560000,194568
USA-road-t.FLA,road,v3_bw4,6,111.879720,1070376.000000,1164100.560000,194568
USA-road-t.FLA,road,v3_bw4,7,111.388820,1070376.000000,1164100.560000,194568
USA-road-t.FLA,road,v3_bw4,8,111.810830,1070376.000000,1164100.560000,194568
USA-road-t.FLA,road,v3_bw4,9,111.341350,1070376.000000,1164100.560000,194568
USA-road-t.FLA,road,v3_bw4,10,118.627370,1070376.000000,1164100.560000,194568
USA-road-t.FLA,road,v3_bw4,11,112.279790,1070376.000000,1164100.560000,194568
USA-road-t.FLA,road,v3_bw6,1,110.425710,1070376.000000,1164100.820000,194660
USA-road-t.FLA,road,v3_bw6,2,110.757270,1070376.000000,1164100.820000,194660
USA-road-t.FLA,road,v3_bw6,3,109.442220,1070376.000000,1164100.820000,194660
USA-road-t.FLA,road,v3_bw6,4,110.193520,1070376.000000,1164100.820000,194660
USA-road-t.FLA,road,v3_bw6,5,110.435050,1070376.000000,1164100.820000,194660
USA-road-t.FLA,road,v3_bw6,6,110.613070,1070376.000000,1164100.820000,194660
USA-road-t.FLA,road,v3_bw6,7,110.001190,1070376.000000,1164100.820000,194660
USA-road-t.FLA,road,v3_bw6,8,110.750730,1070376.000000,1164100.820000,194660
USA-road-t.FLA,road,v3_bw6,9,109.795290,1070376.000000,1164100.820000,194660
USA-road-t.FLA,road,v3_bw6,10,110.497930,1070376.000000,1164100.820000,194660
USA-road-t.FLA,road,v3_bw6,11,110.300570,1070376.000000,1164100.820000,194660
USA-road-t.FLA,road,v3_bw8,1,109.167970,1070376.000000,1164100.550000,194520
USA-road-t.FLA,road,v3_bw8,2,109.345540,1070376.000000,1164100.550000,194520
USA-road-t.FLA,road,v3_bw8,3,108.712600,1070376.000000,1164100.550000,194520
USA-road-t.FLA,road,v3_bw8,4,109.936400,1070376.000000,1164100.550000,194520
USA-road-t.FLA,road,v3_bw8,5,107.880130,1070376.000000,1164100.550000,194520
USA-road-t.FLA,road,v3_bw8,6,109.150600,1070376.000000,1164100.550000,194520
USA-road-t.FLA,road,v3_bw8,7,108.861070,1070376.000000,1164100.550000,194520
USA-road-t.FLA,road,v3_bw8,8,108.616900,1070376.000000,1164100.550000,194520
USA-road-t.FLA,road,v3_bw8,9,109.989530,1070376.000000,1164100.550000,194520
USA-road-t.FLA,road,v3_bw8,10,109.301870,1070376.000000,1164100.550000,194520
USA-road-t.FLA,road,v3_bw8,11,109.149130,1070376.000000,1164100.550000,194520
USA-road-t.BAY,road,v3_hot10,1,32.894580,321270.000000,346470.350000,60332
USA-road-t.BAY,road,v3_hot10,2,32.742170,321270.000000,346470.350000,60332
USA-road-t.BAY,road,v3_hot10,3,33.356870,321270.000000,346470.350000,60332
USA-road-t.BAY,road,v3_hot10,4,33.202980,321270.000000,346470.350000,60332
USA-road-t.BAY,road,v3_hot10,5,33.214450,321270.000000,346470.350000,60332
USA-road-t.BAY,road,v3_hot10,6,32.924590,321270.000000,346470.350000,60332
USA-road-t.BAY,road,v3_hot10,7,32.861640,321270.000000,346470.350000,60332
USA-road-t.BAY,road,v3_hot10,8,33.217630,321270.000000,346470.350000,60332
USA-road-t.BAY,road,v3_hot10,9,33.165830,321270.000000,346470.350000,60332
USA-road-t.BAY,road,v3_hot10,10,33.161220,321270.000000,346470.350000,60332
USA-road-t.BAY,road,v3_hot10,11,33.020520,321270.000000,346470.350000,60332
USA-road-t.BAY,road,v3_hot11,1,31.174540,321270.000000,346470.720000,60356
USA-road-t.BAY,road,v3_hot11,2,31.104830,321270.000000,346470.720000,60356
USA-road-t.BAY,road,v3_hot11,3,31.301840,321270.000000,346470.720000,60356
USA-road-t.BAY,road,v3_hot11,4,31.038700,321270.000000,346470.720000,60356
USA-road-t.BAY,road,v3_hot11,5,31.058570,321270.000000,346470.720000,60356
USA-road-t.BAY,road,v3_hot11,6,31.116950,321270.000000,346470.720000,60356
USA-road-t.BAY,road,v3_hot11,7,31.156430,321270.000000,346470.720000,60356
USA-road-t.BAY,road,v3_hot11,8,31.910130,321270.000000,346470.720000,60356
USA-road-t.BAY,road,v3_hot11,9,30.765970,321270.000000,346470.720000,60356
USA-road-t.BAY,road,v3_hot11,10,31.233300,321270.000000,346470.720000,60356
USA-road-t.BAY,road,v3_hot11,11,30.995210,321270.000000,346470.720000,60356
USA-road-t.BAY,road,v3_hot12,1,30.674760,321270.000000,346470.170000,60344
USA-road-t.BAY,road,v3_hot12,2,30.213090,321270.000000,346470.170000,60344
USA-road-t.BAY,road,v3_hot12,3,30.326880,321270.000000,346470.170000,60344
USA-road-t.BAY,road,v3_hot12,4,30.074460,321270.000000,346470.170000,60344
USA-road-t.BAY,road,v3_hot12,5,30.199570,321270.000000,346470.170000,60344
USA-road-t.BAY,road,v3_hot12,6,30.537540,321270.000000,346470.170000,60344
USA-road-t.BAY,road,v3_hot12,7,30.776840,321270.000000,346470.170000,60344
USA-road-t.BAY,road,v3_hot12,8,31.857150,321270.000000,346470.170000,60344
USA-road-t.BAY,road,v3_hot12,9,30.628040,321270.000000,346470.170000,60344
USA-road-t.BAY,road,v3_hot12,10,31.217990,321270.000000,346470.170000,60344
USA-road-t.BAY,road,v3_hot12,11,30.986010,321270.000000,346470.170000,60344
USA-road-t.BAY,road,v3_hot13,1,30.225950,321270.000000,346470.170000,60492
USA-road-t.BAY,road,v3_hot13,2,29.740560,321270.000000,346470.170000,60492
USA-road-t.BAY,road,v3_hot13,3,29.844840,321270.000000,346470.170000,60492
USA-road-t.BAY,road,v3_hot13,4,30.469380,321270.000000,346470.170000,60492
USA-road-t.BAY,road,v3_hot13,5,29.741590,321270.000000,346470.170000,60492
USA-road-t.BAY,road,v3_hot13,6,29.483080,321270.000000,346470.170000,60492
USA-road-t.BAY,road,v3_hot13,7,29.791060,321270.000000,346470.170000,60492
USA-road-t.BAY,road,v3_hot13,8,30.386680,321270.000000,346470.170000,60492
USA-road-t.BAY,road,v3_hot13,9,30.189100,321270.000000,346470.170000,60492
USA-road-t.BAY,road,v3_hot13,10,29.979560,321270.000000,346470.170000,60492
USA-road-t.BAY,road,v3_hot13,11,29.686810,321270.000000,346470.170000,60492
USA-road-t.BAY,road,v3_hot14,1,30.357870,321270.000000,346470.170000,60492
USA-road-t.BAY,road,v3_hot14,2,29.916070,321270.000000,346470.170000,60492
USA-road-t.BAY,road,v3_hot14,3,29.946790,321270.000000,346470.170000,60492
USA-road-t.BAY,road,v3_hot14,4,29.810330,321270.000000,346470.170000,60492
USA-road-t.BAY,road,v3_hot14,5,30.103700,321270.000000,346470.170000,60492
USA-road-t.BAY,road,v3_hot14,6,30.192560,321270.000000,346470.170000,60492
USA-road-t.BAY,road,v3_hot14,7,30.167670,321270.000000,346470.170000,60492
USA-road-t.BAY,road,v3_hot14,8,30.110910,321270.000000,346470.170000,60492
USA-road-t.BAY,road,v3_hot14,9,30.311420,321270.000000,346470.170000,60492
USA-road-t.BAY,road,v3_hot14,10,30.129080,321270.000000,346470.170000,60492
USA-road-t.BAY,road,v3_hot14,11,30.988780,321270.000000,346470.170000,60492
USA-road-t.BAY,road,v3_hot15,1,30.148890,321270.000000,346470.170000,60520
USA-road-t.BAY,road,v3_hot15,2,29.961630,321270.000000,346470.170000,60520
USA-road-t.BAY,road,v3_hot15,3,30.057270,321270.000000,346470.170000,60520
USA-road-t.BAY,road,v3_hot15,4,30.107380,321270.000000,346470.170000,60520
USA-road-t.BAY,road,v3_hot15,5,30.061100,321270.000000,346470.170000,60520
USA-road-t.BAY,road,v3_hot15,6,29.864390,321270.000000,346470.170000,60520
USA-road-t.BAY,road,v3_hot15,7,29.895530,321270.000000,346470.170000,60520
USA-road-t.BAY,road,v3_hot15,8,30.113490,321270.000000,346470.170000,60520
USA-road-t.BAY,road,v3_hot15,9,30.188690,321270.000000,346470.170000,60520
USA-road-t.BAY,road,v3_hot15,10,29.944230,321270.000000,346470.170000,60520
USA-road-t.BAY,road,v3_hot15,11,29.959420,321270.000000,346470.170000,60520
USA-road-t.BAY,road,v3_hot16,1,30.190720,321270.000000,346470.170000,60720
USA-road-t.BAY,road,v3_hot16,2,30.034780,321270.000000,346470.170000,60720
USA-road-t.BAY,road,v3_hot16,3,30.063580,321270.000000,346470.170000,60720
USA-road-t.BAY,road,v3_hot16,4,30.084200,321270.000000,346470.170000,60720
USA-road-t.BAY,road,v3_hot16,5,30.371970,321270.000000,346470.170000,60720
USA-road-t.BAY,road,v3_hot16,6,30.312910,321270.000000,346470.170000,60720
USA-road-t.BAY,road,v3_hot16,7,30.326140,321270.000000,346470.170000,60720
USA-road-t.BAY,road,v3_hot16,8,30.195900,321270.000000,346470.170000,60720
USA-road-t.BAY,road,v3_hot16,9,30.184590,321270.000000,346470.170000,60720
USA-road-t.BAY,road,v3_hot16,10,30.348820,321270.000000,346470.170000,60720
USA-road-t.BAY,road,v3_hot16,11,30.121160,321270.000000,346470.170000,60720
USA-road-t.BAY,road,v3_hot17,1,30.731370,321270.000000,346470.170000,61376
USA-road-t.BAY,road,v3_hot17,2,30.675970,321270.000000,346470.170000,61376
USA-road-t.BAY,road,v3_hot17,3,30.584350,321270.000000,346470.170000,61376
USA-road-t.BAY,road,v3_hot17,4,30.803270,321270.000000,346470.170000,61376
USA-road-t.BAY,road,v3_hot17,5,30.679010,321270.000000,346470.170000,61376
USA-road-t.BAY,road,v3_hot17,6,30.712700,321270.000000,346470.170000,61376
USA-road-t.BAY,road,v3_hot17,7,30.733860,321270.000000,346470.170000,61376
USA-road-t.BAY,road,v3_hot17,8,31.153090,321270.000000,346470.170000,61376
USA-road-t.BAY,road,v3_hot17,9,31.546280,321270.000000,346470.170000,61376
USA-road-t.BAY,road,v3_hot17,10,31.069210,321270.000000,346470.170000,61376
USA-road-t.BAY,road,v3_hot17,11,30.733450,321270.000000,346470.170000,61376
USA-road-t.BAY,road,v3_hot18,1,32.297320,321270.000000,346470.170000,67192
USA-road-t.BAY,road,v3_hot18,2,32.370890,321270.000000,346470.170000,67192
USA-road-t.BAY,road,v3_hot18,3,32.146700,321270.000000,346470.170000,67192
USA-road-t.BAY,road,v3_hot18,4,32.244910,321270.000000,346470.170000,67192
USA-road-t.BAY,road,v3_hot18,5,32.079420,321270.000000,346470.170000,67192
USA-road-t.BAY,road,v3_hot18,6,32.234620,321270.000000,346470.170000,67192
USA-road-t.BAY,road,v3_hot18,7,31.912020,321270.000000,346470.170000,67192
USA-road-t.BAY,road,v3_hot18,8,32.180470,321270.000000,346470.170000,67192
USA-road-t.BAY,road,v3_hot18,9,32.291620,321270.000000,346470.170000,67192
USA-road-t.BAY,road,v3_hot18,10,32.150240,321270.000000,346470.170000,67192
USA-road-t.BAY,road,v3_hot18,11,32.166220,321270.000000,346470.170000,67192
USA-road-t.COL,road,v3_hot10,1,54.454390,435666.000000,464673.870000,79956
USA-road-t.COL,road,v3_hot10,2,55.022900,435666.000000,464673.870000,79956
USA-road-t.COL,road,v3_hot10,3,54.635380,435666.000000,464673.870000,79956
USA-road-t.COL,road,v3_hot10,4,54.554890,435666.000000,464673.870000,79956
USA-road-t.COL,road,v3_hot10,5,54.598010,435666.000000,464673.870000,79956
USA-road-t.COL,road,v3_hot10,6,54.622610,435666.000000,464673.870000,79956
USA-road-t.COL,road,v3_hot10,7,54.461420,435666.000000,464673.870000,79956
USA-road-t.COL,road,v3_hot10,8,54.629780,435666.000000,464673.870000,79956
USA-road-t.COL,road,v3_hot10,9,54.540250,435666.000000,464673.870000,79956
USA-road-t.COL,road,v3_hot10,10,54.658110,435666.000000,464673.870000,79956
USA-road-t.COL,road,v3_hot10,11,54.347160,435666.000000,464673.870000,79956
USA-road-t.COL,road,v3_hot11,1,48.416620,435666.000000,464674.470000,79876
USA-road-t.COL,road,v3_hot11,2,48.465350,435666.000000,464674.470000,79876
USA-road-t.COL,road,v3_hot11,3,48.627670,435666.000000,464674.470000,79876
USA-road-t.COL,road,v3_hot11,4,48.412310,435666.000000,464674.470000,79876
USA-road-t.COL,road,v3_hot11,5,48.621350,435666.000000,464674.470000,79876
USA-road-t.COL,road,v3_hot11,6,48.867900,435666.000000,464674.470000,79876
USA-road-t.COL,road,v3_hot11,7,49.119790,435666.000000,464674.470000,79876
USA-road-t.COL,road,v3_hot11,8,48.440010,435666.000000,464674.470000,79876
USA-road-t.COL,road,v3_hot11,9,48.699990,435666.000000,464674.470000,79876
USA-road-t.COL,road,v3_hot11,10,48.679470,435666.000000,464674.470000,79876
USA-road-t.COL,road,v3_hot11,11,48.690670,435666.000000,464674.470000,79876
USA-road-t.COL,road,v3_hot12,1,44.668680,435666.000000,464674.030000,79940
USA-road-t.COL,road,v3_hot12,2,44.825790,435666.000000,464674.030000,79940
USA-road-t.COL,road,v3_hot12,3,44.926580,435666.000000,464674.030000,79940
USA-road-t.COL,road,v3_hot12,4,44.698270,435666.000000,464674.030000,79940
USA-road-t.COL,road,v3_hot12,5,44.606810,435666.000000,464674.030000,79940
USA-road-t.COL,road,v3_hot12,6,44.469530,435666.000000,464674.030000,79940
USA-road-t.COL,road,v3_hot12,7,44.901090,435666.000000,464674.030000,79940
USA-road-t.COL,road,v3_hot12,8,44.824390,435666.000000,464674.030000,79940
USA-road-t.COL,road,v3_hot12,9,44.626830,435666.000000,464674.030000,79940
USA-road-t.COL,road,v3_hot12,10,44.751180,435666.000000,464674.030000,79940
USA-road-t.COL,road,v3_hot12,11,44.597780,435666.000000,464674.030000,79940
USA-road-t.COL,road,v3_hot13,1,43.017470,435666.000000,464674.190000,79864
USA-road-t.COL,road,v3_hot13,2,42.876090,435666.000000,464674.190000,79864
USA-road-t.COL,road,v3_hot13,3,43.096760,435666.000000,464674.190000,79864
USA-road-t.COL,road,v3_hot13,4,43.343520,435666.000000,464674.190000,79864
USA-road-t.COL,road,v3_hot13,5,42.911570,435666.000000,464674.190000,79864
USA-road-t.COL,road,v3_hot13,6,42.753310,435666.000000,464674.190000,79864
USA-road-t.COL,road,v3_hot13,7,42.875950,435666.000000,464674.190000,79864
USA-road-t.COL,road,v3_hot13,8,42.718080,435666.000000,464674.190000,79864
USA-road-t.COL,road,v3_hot13,9,42.948600,435666.000000,464674.190000,79864
USA-road-t.COL,road,v3_hot13,10,42.965490,435666.000000,464674.190000,79864
USA-road-t.COL,road,v3_hot13,11,42.788970,435666.000000,464674.190000,79864
USA-road-t.COL,road,v3_hot14,1,42.423630,435666.000000,464674.190000,80060
USA-road-t.COL,road,v3_hot14,2,43.049220,435666.000000,464674.190000,80060
USA-road-t.COL,road,v3_hot14,3,43.011120,435666.000000,464674.190000,80060
USA-road-t.COL,road,v3_hot14,4,42.735840,435666.000000,464674.190000,80060
USA-road-t.COL,road,v3_hot14,5,42.433260,435666.000000,464674.190000,80060
USA-road-t.COL,road,v3_hot14,6,42.587320,435666.000000,464674.190000,80060
USA-road-t.COL,road,v3_hot14,7,42.655680,435666.000000,464674.190000,80060
USA-road-t.COL,road,v3_hot14,8,42.681750,435666.000000,464674.190000,80060
USA-road-t.COL,road,v3_hot14,9,42.839030,435666.000000,464674.190000,80060
USA-road-t.COL,road,v3_hot14,10,42.898760,435666.000000,464674.190000,80060
USA-road-t.COL,road,v3_hot14,11,43.023770,435666.000000,464674.190000,80060
USA-road-t.COL,road,v3_hot15,1,42.384770,435666.000000,464674.190000,80144
USA-road-t.COL,road,v3_hot15,2,42.233450,435666.000000,464674.190000,80144
USA-road-t.COL,road,v3_hot15,3,42.497410,435666.000000,464674.190000,80144
USA-road-t.COL,road,v3_hot15,4,42.398720,435666.000000,464674.190000,80144
USA-road-t.COL,road,v3_hot15,5,42.683260,435666.000000,464674.190000,80144
USA-road-t.COL,road,v3_hot15,6,42.346960,435666.000000,464674.190000,80144
USA-road-t.COL,road,v3_hot15,7,42.189640,435666.000000,464674.190000,80144
USA-road-t.COL,road,v3_hot15,8,42.049330,435666.000000,464674.190000,80144
USA-road-t.COL,road,v3_hot15,9,42.673730,435666.000000,464674.190000,80144
USA-road-t.COL,road,v3_hot15,10,42.074210,435666.000000,464674.190000,80144
USA-road-t.COL,road,v3_hot15,11,42.083970,435666.000000,464674.190000,80144
USA-road-t.COL,road,v3_hot16,1,42.042070,435666.000000,464674.190000,80436
USA-road-t.COL,road,v3_hot16,2,42.325080,435666.000000,464674.190000,80436
USA-road-t.COL,road,v3_hot16,3,42.036250,435666.000000,464674.190000,80436
USA-road-t.COL,road,v3_hot16,4,42.301220,435666.000000,464674.190000,80436
USA-road-t.COL,road,v3_hot16,5,42.489450,435666.000000,464674.190000,80436
USA-road-t.COL,road,v3_hot16,6,42.200260,435666.000000,464674.190000,80436
USA-road-t.COL,road,v3_hot16,7,42.287330,435666.000000,464674.190000,80436
USA-road-t.COL,road,v3_hot16,8,42.367380,435666.000000,464674.190000,80436
USA-road-t.COL,road,v3_hot16,9,42.005400,435666.000000,464674.190000,80436
USA-road-t.COL,road,v3_hot16,10,42.340710,435666.000000,464674.190000,80436
USA-road-t.COL,road,v3_hot16,11,42.444320,435666.000000,464674.190000,80436
USA-road-t.COL,road,v3_hot17,1,42.304350,435666.000000,464674.190000,80952
USA-road-t.COL,road,v3_hot17,2,42.537520,435666.000000,464674.190000,80952
USA-road-t.COL,road,v3_hot17,3,43.683150,435666.000000,464674.190000,80952
USA-road-t.COL,road,v3_hot17,4,42.737540,435666.000000,464674.190000,80952
USA-road-t.COL,road,v3_hot17,5,41.794250,435666.000000,464674.190000,80952
USA-road-t.COL,road,v3_hot17,6,41.645670,435666.000000,464674.190000,80952
USA-road-t.COL,road,v3_hot17,7,41.775510,435666.000000,464674.190000,80952
USA-road-t.COL,road,v3_hot17,8,42.399690,435666.000000,464674.190000,80952
USA-road-t.COL,road,v3_hot17,9,42.342300,435666.000000,464674.190000,80952
USA-road-t.COL,road,v3_hot17,10,41.934410,435666.000000,464674.190000,80952
USA-road-t.COL,road,v3_hot17,11,41.465520,435666.000000,464674.190000,80952
USA-road-t.COL,road,v3_hot18,1,43.946620,435666.000000,464674.190000,83980
USA-road-t.COL,road,v3_hot18,2,44.356080,435666.000000,464674.190000,83980
USA-road-t.COL,road,v3_hot18,3,44.566490,435666.000000,464674.190000,83980
USA-road-t.COL,road,v3_hot18,4,44.102800,435666.000000,464674.190000,83980
USA-road-t.COL,road,v3_hot18,5,44.535570,435666.000000,464674.190000,83980
USA-road-t.COL,road,v3_hot18,6,44.138410,435666.000000,464674.190000,83980
USA-road-t.COL,road,v3_hot18,7,44.513000,435666.000000,464674.190000,83980
USA-road-t.COL,road,v3_hot18,8,44.645570,435666.000000,464674.190000,83980
USA-road-t.COL,road,v3_hot18,9,44.489330,435666.000000,464674.190000,83980
USA-road-t.COL,road,v3_hot18,10,44.822880,435666.000000,464674.190000,83980
USA-road-t.COL,road,v3_hot18,11,44.390040,435666.000000,464674.190000,83980
USA-road-t.FLA,road,v3_hot10,1,154.255120,1070376.000000,1164094.040000,194540
USA-road-t.FLA,road,v3_hot10,2,154.123820,1070376.000000,1164094.040000,194540
USA-road-t.FLA,road,v3_hot10,3,154.354450,1070376.000000,1164094.040000,194540
USA-road-t.FLA,road,v3_hot10,4,153.508940,1070376.000000,1164094.040000,194540
USA-road-t.FLA,road,v3_hot10,5,154.086140,1070376.000000,1164094.040000,194540
USA-road-t.FLA,road,v3_hot10,6,153.275090,1070376.000000,1164094.040000,194540
USA-road-t.FLA,road,v3_hot10,7,154.507850,1070376.000000,1164094.040000,194540
USA-road-t.FLA,road,v3_hot10,8,154.236390,1070376.000000,1164094.040000,194540
USA-road-t.FLA,road,v3_hot10,9,155.365660,1070376.000000,1164094.040000,194540
USA-road-t.FLA,road,v3_hot10,10,155.360790,1070376.000000,1164094.040000,194540
USA-road-t.FLA,road,v3_hot10,11,154.308810,1070376.000000,1164094.040000,194540
USA-road-t.FLA,road,v3_hot11,1,127.266780,1070376.000000,1164099.350000,194592
USA-road-t.FLA,road,v3_hot11,2,127.651190,1070376.000000,1164099.350000,194592
USA-road-t.FLA,road,v3_hot11,3,127.109810,1070376.000000,1164099.350000,194592
USA-road-t.FLA,road,v3_hot11,4,127.042180,1070376.000000,1164099.350000,194592
USA-road-t.FLA,road,v3_hot11,5,127.921370,1070376.000000,1164099.350000,194592
USA-road-t.FLA,road,v3_hot11,6,127.474970,1070376.000000,1164099.350000,194592
USA-road-t.FLA,road,v3_hot11,7,127.242240,1070376.000000,1164099.350000,194592
USA-road-t.FLA,road,v3_hot11,8,127.916380,1070376.000000,1164099.350000,194592
USA-road-t.FLA,road,v3_hot11,9,126.924820,1070376.000000,1164099.350000,194592
USA-road-t.FLA,road,v3_hot11,10,128.258130,1070376.000000,1164099.350000,194592
USA-road-t.FLA,road,v3_hot11,11,127.701730,1070376.000000,1164099.350000,194592
USA-road-t.FLA,road,v3_hot12,1,116.319080,1070376.000000,1164101.290000,194580
USA-road-t.FLA,road,v3_hot12,2,115.864680,1070376.000000,1164101.290000,194580
USA-road-t.FLA,road,v3_hot12,3,115.137730,1070376.000000,1164101.290000,194580
USA-road-t.FLA,road,v3_hot12,4,115.836140,1070376.000000,1164101.290000,194580
USA-road-t.FLA,road,v3_hot12,5,116.505560,1070376.000000,1164101.290000,194580
USA-road-t.FLA,road,v3_hot12,6,115.730120,1070376.000000,1164101.290000,194580
USA-road-t.FLA,road,v3_hot12,7,116.347730,1070376.000000,1164101.290000,194580
USA-road-t.FLA,road,v3_hot12,8,117.772480,1070376.000000,1164101.290000,194580
USA-road-t.FLA,road,v3_hot12,9,115.972480,1070376.000000,1164101.290000,194580
USA-road-t.FLA,road,v3_hot12,10,116.309920,1070376.000000,1164101.290000,194580
USA-road-t.FLA,road,v3_hot12,11,116.164920,1070376.000000,1164101.290000,194580
USA-road-t.FLA,road,v3_hot13,1,111.608380,1070376.000000,1164100.660000,194536
USA-road-t.FLA,road,v3_hot13,2,112.833620,1070376.000000,1164100.660000,194536
USA-road-t.FLA,road,v3_hot13,3,112.580080,1070376.000000,1164100.660000,194536
USA-road-t.FLA,road,v3_hot13,4,111.784020,1070376.000000,1164100.660000,194536
USA-road-t.FLA,road,v3_hot13,5,111.925290,1070376.000000,1164100.660000,194536
USA-road-t.FLA,road,v3_hot13,6,112.751070,1070376.000000,1164100.660000,194536
USA-road-t.FLA,road,v3_hot13,7,112.907130,1070376.000000,1164100.660000,194536
USA-road-t.FLA,road,v3_hot13,8,112.926060,1070376.000000,1164100.660000,194536
USA-road-t.FLA,road,v3_hot13,9,113.187590,1070376.000000,1164100.660000,194536
USA-road-t.FLA,road,v3_hot13,10,112.350350,1070376.000000,1164100.660000,194536
USA-road-t.FLA,road,v3_hot13,11,112.492480,1070376.000000,1164100.660000,194536
USA-road-t.FLA,road,v3_hot14,1,111.214480,1070376.000000,1164100.560000,194596
USA-road-t.FLA,road,v3_hot14,2,111.315330,1070376.000000,1164100.560000,194596
USA-road-t.FLA,road,v3_hot14,3,111.620420,1070376.000000,1164100.560000,194596
USA-road-t.FLA,road,v3_hot14,4,112.106890,1070376.000000,1164100.560000,194596
USA-road-t.FLA,road,v3_hot14,5,110.752250,1070376.000000,1164100.560000,194596
USA-road-t.FLA,road,v3_hot14,6,112.125820,1070376.000000,1164100.560000,194596
USA-road-t.FLA,road,v3_hot14,7,111.054150,1070376.000000,1164100.560000,194596
USA-road-t.FLA,road,v3_hot14,8,112.371150,1070376.000000,1164100.560000,194596
USA-road-t.FLA,road,v3_hot14,9,112.006610,1070376.000000,1164100.560000,194596
USA-road-t.FLA,road,v3_hot14,10,111.664830,1070376.000000,1164100.560000,194596
USA-road-t.FLA,road,v3_hot14,11,111.196590,1070376.000000,1164100.560000,194596
USA-road-t.FLA,road,v3_hot15,1,110.929470,1070376.000000,1164100.560000,194776
USA-road-t.FLA,road,v3_hot15,2,112.053700,1070376.000000,1164100.560000,194776
USA-road-t.FLA,road,v3_hot15,3,111.066950,1070376.000000,1164100.560000,194776
USA-road-t.FLA,road,v3_hot15,4,111.556640,1070376.000000,1164100.560000,194776
USA-road-t.FLA,road,v3_hot15,5,111.251940,1070376.000000,1164100.560000,194776
USA-road-t.FLA,road,v3_hot15,6,111.442320,1070376.000000,1164100.560000,194776
USA-road-t.FLA,road,v3_hot15,7,110.924830,1070376.000000,1164100.560000,194776
USA-road-t.FLA,road,v3_hot15,8,110.878260,1070376.000000,1164100.560000,194776
USA-road-t.FLA,road,v3_hot15,9,111.550600,1070376.000000,1164100.560000,194776
USA-road-t.FLA,road,v3_hot15,10,114.380560,1070376.000000,1164100.560000,194776
USA-road-t.FLA,road,v3_hot15,11,112.053910,1070376.000000,1164100.560000,194776
USA-road-t.FLA,road,v3_hot16,1,110.687800,1070376.000000,1164100.560000,194912
USA-road-t.FLA,road,v3_hot16,2,111.765850,1070376.000000,1164100.560000,194912
USA-road-t.FLA,road,v3_hot16,3,110.217390,1070376.000000,1164100.560000,194912
USA-road-t.FLA,road,v3_hot16,4,109.970540,1070376.000000,1164100.560000,194912
USA-road-t.FLA,road,v3_hot16,5,110.723560,1070376.000000,1164100.560000,194912
USA-road-t.FLA,road,v3_hot16,6,111.343970,1070376.000000,1164100.560000,194912
USA-road-t.FLA,road,v3_hot16,7,111.087830,1070376.000000,1164100.560000,194912
USA-road-t.FLA,road,v3_hot16,8,110.682180,1070376.000000,1164100.560000,194912
USA-road-t.FLA,road,v3_hot16,9,110.873700,1070376.000000,1164100.560000,194912
USA-road-t.FLA,road,v3_hot16,10,110.201790,1070376.000000,1164100.560000,194912
USA-road-t.FLA,road,v3_hot16,11,111.429250,1070376.000000,1164100.560000,194912
USA-road-t.FLA,road,v3_hot17,1,111.288600,1070376.000000,1164100.560000,195364
USA-road-t.FLA,road,v3_hot17,2,112.179970,1070376.000000,1164100.560000,195364
USA-road-t.FLA,road,v3_hot17,3,112.228880,1070376.000000,1164100.560000,195364
USA-road-t.FLA,road,v3_hot17,4,111.984470,1070376.000000,1164100.560000,195364
USA-road-t.FLA,road,v3_hot17,5,110.834070,1070376.000000,1164100.560000,195364
USA-road-t.FLA,road,v3_hot17,6,112.138830,1070376.000000,1164100.560000,195364
USA-road-t.FLA,road,v3_hot17,7,111.665440,1070376.000000,1164100.560000,195364
USA-road-t.FLA,road,v3_hot17,8,111.712930,1070376.000000,1164100.560000,195364
USA-road-t.FLA,road,v3_hot17,9,110.987900,1070376.000000,1164100.560000,195364
USA-road-t.FLA,road,v3_hot17,10,111.018360,1070376.000000,1164100.560000,195364
USA-road-t.FLA,road,v3_hot17,11,112.889180,1070376.000000,1164100.560000,195364
USA-road-t.FLA,road,v3_hot18,1,116.406100,1070376.000000,1164100.560000,196596
USA-road-t.FLA,road,v3_hot18,2,115.413710,1070376.000000,1164100.560000,196596
USA-road-t.FLA,road,v3_hot18,3,114.440480,1070376.000000,1164100.560000,196596
USA-road-t.FLA,road,v3_hot18,4,113.911590,1070376.000000,1164100.560000,196596
USA-road-t.FLA,road,v3_hot18,5,114.535200,1070376.000000,1164100.560000,196596
USA-road-t.FLA,road,v3_hot18,6,114.444210,1070376.000000,1164100.560000,196596
USA-road-t.FLA,road,v3_hot18,7,114.336260,1070376.000000,1164100.560000,196596
USA-road-t.FLA,road,v3_hot18,8,115.857480,1070376.000000,1164100.560000,196596
USA-road-t.FLA,road,v3_hot18,9,114.427320,1070376.000000,1164100.560000,196596
USA-road-t.FLA,road,v3_hot18,10,115.247440,1070376.000000,1164100.560000,196596
USA-road-t.FLA,road,v3_hot18,11,114.459770,1070376.000000,1164100.560000,196596
