n,seed,base_bsafe,edge_idx,perturb,new_bsafe,shift
10,0,29,0,+1,29,0
10,0,29,0,-1,28,-1
10,0,29,1,+1,19,-10
10,0,29,1,-1,29,0
10,0,29,2,+1,29,0
10,0,29,2,-1,29,0
10,0,29,3,+1,29,0
10,0,29,3,-1,29,0
10,0,29,4,+1,29,0
10,0,29,4,-1,29,0
10,0,29,5,+1,29,0
10,0,29,5,-1,29,0
10,0,29,6,+1,29,0
10,0,29,6,-1,29,0
10,0,29,7,+1,29,0
10,0,29,7,-1,29,0
10,0,29,8,+1,29,0
10,0,29,8,-1,29,0
10,0,29,9,+1,29,0
10,0,29,9,-1,29,0
10,0,29,10,+1,29,0
10,0,29,10,-1,29,0
10,0,29,11,+1,29,0
10,0,29,11,-1,29,0
10,0,29,12,+1,29,0
10,0,29,12,-1,29,0
10,0,29,13,+1,29,0
10,0,29,13,-1,29,0
10,0,29,14,+1,29,0
10,0,29,14,-1,29,0
10,0,29,15,+1,19,-10
10,0,29,15,-1,29,0
10,0,29,16,+1,29,0
10,0,29,16,-1,29,0
10,0,29,17,+1,29,0
10,0,29,17,-1,28,-1
10,0,29,18,+1,29,0
10,0,29,18,-1,29,0
10,0,29,19,+1,29,0
10,0,29,19,-1,29,0
10,0,29,20,+1,29,0
10,0,29,20,-1,29,0
10,0,29,21,+1,29,0
10,0,29,21,-1,29,0
10,0,29,22,+1,29,0
10,0,29,22,-1,29,0
10,0,29,23,+1,29,0
10,0,29,23,-1,29,0
10,0,29,24,+1,29,0
10,0,29,24,-1,29,0
10,0,29,25,+1,29,0
10,0,29,25,-1,29,0
10,0,29,26,+1,29,0
10,0,29,26,-1,29,0
10,0,29,27,+1,29,0
10,0,29,27,-1,29,0
10,0,29,28,+1,29,0
10,0,29,28,-1,29,0
10,0,29,29,+1,29,0
10,0,29,29,-1,29,0
10,0,29,30,+1,29,0
10,0,29,30,-1,29,0
10,0,29,31,+1,29,0
10,0,29,31,-1,29,0
10,0,29,32,+1,29,0
10,0,29,32,-1,29,0
10,0,29,33,+1,29,0
10,0,29,33,-1,29,0
10,0,29,34,+1,29,0
10,0,29,34,-1,29,0
10,0,29,35,+1,29,0
10,0,29,35,-1,29,0
10,0,29,36,+1,29,0
10,0,29,36,-1,29,0
10,0,29,37,+1,29,0
10,0,29,37,-1,29,0
10,0,29,38,+1,29,0
10,0,29,38,-1,29,0
10,0,29,39,+1,29,0
10,0,29,39,-1,29,0
10,1,26,0,+1,26,0
10,1,26,0,-1,26,0
10,1,26,1,+1,26,0
10,1,26,1,-1,26,0
10,1,26,2,+1,27,1
10,1,26,2,-1,26,0
10,1,26,3,+1,26,0
10,1,26,3,-1,26,0
10,1,26,4,+1,26,0
10,1,26,4,-1,26,0
10,1,26,5,+1,26,0
10,1,26,5,-1,26,0
10,1,26,6,+1,26,0
10,1,26,6,-1,26,0
10,1,26,7,+1,26,0
10,1,26,7,-1,26,0
10,1,26,8,+1,26,0
10,1,26,8,-1,26,0
10,1,26,9,+1,26,0
10,1,26,9,-1,26,0
10,1,26,10,+1,26,0
10,1,26,10,-1,26,0
10,1,26,11,+1,26,0
10,1,26,11,-1,26,0
10,1,26,12,+1,26,0
10,1,26,12,-1,26,0
10,1,26,13,+1,26,0
10,1,26,13,-1,26,0
10,1,26,14,+1,26,0
10,1,26,14,-1,26,0
10,1,26,15,+1,26,0
10,1,26,15,-1,26,0
10,1,26,16,+1,26,0
10,1,26,16,-1,26,0
10,1,26,17,+1,26,0
10,1,26,17,-1,26,0
10,1,26,18,+1,26,0
10,1,26,18,-1,26,0
10,1,26,19,+1,26,0
10,1,26,19,-1,26,0
10,1,26,20,+1,26,0
10,1,26,20,-1,26,0
10,1,26,21,+1,26,0
10,1,26,21,-1,26,0
10,1,26,22,+1,26,0
10,1,26,22,-1,26,0
10,1,26,23,+1,26,0
10,1,26,23,-1,26,0
10,1,26,24,+1,26,0
10,1,26,24,-1,26,0
10,1,26,25,+1,26,0
10,1,26,25,-1,26,0
10,1,26,26,+1,26,0
10,1,26,26,-1,26,0
10,1,26,27,+1,26,0
10,1,26,27,-1,26,0
10,1,26,28,+1,26,0
10,1,26,28,-1,26,0
10,1,26,29,+1,26,0
10,1,26,29,-1,26,0
10,1,26,30,+1,26,0
10,1,26,30,-1,26,0
10,1,26,31,+1,26,0
10,1,26,31,-1,26,0
10,1,26,32,+1,26,0
10,1,26,32,-1,26,0
10,1,26,33,+1,26,0
10,1,26,33,-1,26,0
10,1,26,34,+1,26,0
10,1,26,34,-1,26,0
10,1,26,35,+1,26,0
10,1,26,35,-1,26,0
10,1,26,36,+1,26,0
10,1,26,36,-1,26,0
10,1,26,37,+1,26,0
10,1,26,37,-1,26,0
10,2,30,0,+1,30,0
10,2,30,0,-1,30,0
10,2,30,1,+1,30,0
10,2,30,1,-1,30,0
10,2,30,2,+1,30,0
10,2,30,2,-1,30,0
10,2,30,3,+1,30,0
10,2,30,3,-1,29,-1
10,2,30,4,+1,30,0
10,2,30,4,-1,30,0
10,2,30,5,+1,30,0
10,2,30,5,-1,30,0
10,2,30,6,+1,30,0
10,2,30,6,-1,30,0
10,2,30,7,+1,30,0
10,2,30,7,-1,30,0
10,2,30,8,+1,30,0
10,2,30,8,-1,30,0
10,2,30,9,+1,30,0
10,2,30,9,-1,30,0
10,2,30,10,+1,30,0
10,2,30,10,-1,30,0
10,2,30,11,+1,30,0
10,2,30,11,-1,30,0
10,2,30,12,+1,30,0
10,2,30,12,-1,30,0
10,2,30,13,+1,30,0
10,2,30,13,-1,30,0
10,2,30,14,+1,30,0
10,2,30,14,-1,30,0
10,2,30,15,+1,30,0
10,2,30,15,-1,30,0
10,2,30,16,+1,30,0
10,2,30,16,-1,30,0
10,2,30,17,+1,30,0
10,2,30,17,-1,30,0
10,2,30,18,+1,30,0
10,2,30,18,-1,30,0
10,2,30,19,+1,30,0
10,2,30,19,-1,30,0
10,2,30,20,+1,30,0
10,2,30,20,-1,30,0
10,2,30,21,+1,30,0
10,2,30,21,-1,30,0
10,2,30,22,+1,30,0
10,2,30,22,-1,30,0
10,2,30,23,+1,30,0
10,2,30,23,-1,30,0
10,2,30,24,+1,30,0
10,2,30,24,-1,30,0
10,2,30,25,+1,30,0
10,2,30,25,-1,30,0
10,2,30,26,+1,30,0
10,2,30,26,-1,30,0
10,2,30,27,+1,30,0
10,2,30,27,-1,30,0
10,2,30,28,+1,30,0
10,2,30,28,-1,30,0
10,2,30,29,+1,30,0
10,2,30,29,-1,30,0
10,2,30,30,+1,30,0
10,2,30,30,-1,30,0
10,2,30,31,+1,30,0
10,2,30,31,-1,30,0
10,2,30,33,+1,30,0
10,2,30,33,-1,30,0
10,2,30,34,+1,30,0
10,2,30,34,-1,30,0
10,2,30,36,+1,30,0
10,2,30,36,-1,30,0
10,2,30,37,+1,30,0
10,2,30,37,-1,30,0
10,3,52,0,+1,52,0
10,3,52,0,-1,52,0
10,3,52,1,+1,52,0
10,3,52,1,-1,51,-1
10,3,52,2,+1,52,0
10,3,52,2,-1,52,0
10,3,52,3,+1,52,0
10,3,52,3,-1,52,0
10,3,52,4,+1,52,0
10,3,52,4,-1,52,0
10,3,52,5,+1,52,0
10,3,52,5,-1,51,-1
10,3,52,6,+1,52,0
10,3,52,6,-1,52,0
10,3,52,7,+1,52,0
10,3,52,7,-1,52,0
10,3,52,8,+1,52,0
10,3,52,8,-1,52,0
10,3,52,9,+1,52,0
10,3,52,9,-1,51,-1
10,3,52,10,+1,52,0
10,3,52,10,-1,52,0
10,3,52,11,+1,52,0
10,3,52,11,-1,52,0
10,3,52,12,+1,52,0
10,3,52,12,-1,52,0
10,3,52,13,+1,52,0
10,3,52,13,-1,52,0
10,3,52,14,+1,52,0
10,3,52,14,-1,52,0
10,3,52,15,+1,52,0
10,3,52,15,-1,52,0
10,3,52,16,+1,52,0
10,3,52,16,-1,52,0
10,3,52,17,+1,52,0
10,3,52,17,-1,52,0
10,3,52,18,+1,52,0
10,3,52,18,-1,52,0
10,3,52,20,+1,52,0
10,3,52,20,-1,52,0
10,3,52,21,+1,52,0
10,3,52,21,-1,52,0
10,3,52,22,+1,52,0
10,3,52,22,-1,52,0
10,3,52,23,+1,52,0
10,3,52,23,-1,52,0
10,3,52,24,+1,52,0
10,3,52,24,-1,52,0
10,3,52,25,+1,52,0
10,3,52,25,-1,52,0
10,3,52,26,+1,52,0
10,3,52,26,-1,52,0
10,3,52,27,+1,52,0
10,3,52,27,-1,52,0
10,3,52,28,+1,52,0
10,3,52,28,-1,52,0
10,3,52,29,+1,52,0
10,3,52,29,-1,52,0
10,3,52,30,+1,52,0
10,3,52,30,-1,52,0
10,3,52,31,+1,52,0
10,3,52,31,-1,52,0
10,3,52,32,+1,52,0
10,3,52,32,-1,52,0
10,3,52,33,+1,52,0
10,3,52,33,-1,52,0
10,3,52,34,+1,52,0
10,3,52,34,-1,52,0
10,3,52,35,+1,52,0
10,3,52,35,-1,52,0
10,3,52,36,+1,52,0
10,3,52,36,-1,52,0
10,3,52,37,+1,52,0
10,3,52,37,-1,52,0
10,4,121,0,+1,121,0
10,4,121,0,-1,121,0
10,4,121,1,+1,121,0
10,4,121,1,-1,121,0
10,4,121,2,+1,121,0
10,4,121,2,-1,121,0
10,4,121,3,+1,122,1
10,4,121,3,-1,120,-1
10,4,121,4,+1,121,0
10,4,121,4,-1,121,0
10,4,121,5,+1,121,0
10,4,121,5,-1,121,0
10,4,121,6,+1,121,0
10,4,121,6,-1,121,0
10,4,121,7,+1,121,0
10,4,121,7,-1,121,0
10,4,121,8,+1,121,0
10,4,121,8,-1,121,0
10,4,121,9,+1,121,0
10,4,121,9,-1,121,0
10,4,121,10,+1,121,0
10,4,121,10,-1,121,0
10,4,121,11,+1,121,0
10,4,121,11,-1,121,0
10,4,121,12,+1,121,0
10,4,121,12,-1,121,0
10,4,121,13,+1,122,1
10,4,121,13,-1,120,-1
10,4,121,14,+1,121,0
10,4,121,14,-1,121,0
10,4,121,15,+1,121,0
10,4,121,15,-1,121,0
10,4,121,16,+1,121,0
10,4,121,16,-1,121,0
10,4,121,17,+1,121,0
10,4,121,17,-1,121,0
10,4,121,18,+1,121,0
10,4,121,18,-1,121,0
10,4,121,19,+1,121,0
10,4,121,19,-1,121,0
10,4,121,20,+1,121,0
10,4,121,20,-1,121,0
10,4,121,21,+1,121,0
10,4,121,21,-1,121,0
10,4,121,22,+1,121,0
10,4,121,22,-1,121,0
10,4,121,23,+1,121,0
10,4,121,23,-1,121,0
10,4,121,24,+1,121,0
10,4,121,24,-1,121,0
10,4,121,25,+1,121,0
10,4,121,25,-1,121,0
10,4,121,26,+1,121,0
10,4,121,26,-1,121,0
10,4,121,27,+1,121,0
10,4,121,27,-1,121,0
10,4,121,28,+1,121,0
10,4,121,28,-1,121,0
10,4,121,29,+1,121,0
10,4,121,29,-1,121,0
10,4,121,30,+1,121,0
10,4,121,30,-1,121,0
10,4,121,31,+1,121,0
10,4,121,31,-1,121,0
10,4,121,32,+1,121,0
10,4,121,32,-1,121,0
10,4,121,33,+1,121,0
10,4,121,33,-1,121,0
10,4,121,34,+1,121,0
10,4,121,34,-1,121,0
10,4,121,35,+1,121,0
10,4,121,35,-1,121,0
10,4,121,36,+1,121,0
10,4,121,36,-1,121,0
10,4,121,37,+1,121,0
10,4,121,37,-1,121,0
10,5,31,0,+1,31,0
10,5,31,0,-1,31,0
10,5,31,1,+1,31,0
10,5,31,1,-1,31,0
10,5,31,2,+1,31,0
10,5,31,2,-1,31,0
10,5,31,3,+1,32,1
10,5,31,3,-1,30,-1
10,5,31,4,+1,31,0
10,5,31,4,-1,31,0
10,5,31,5,+1,31,0
10,5,31,5,-1,31,0
10,5,31,6,+1,31,0
10,5,31,6,-1,31,0
10,5,31,7,+1,31,0
10,5,31,7,-1,31,0
10,5,31,8,+1,31,0
10,5,31,8,-1,31,0
10,5,31,9,+1,31,0
10,5,31,9,-1,31,0
10,5,31,10,+1,31,0
10,5,31,10,-1,31,0
10,5,31,11,+1,31,0
10,5,31,11,-1,31,0
10,5,31,12,+1,31,0
10,5,31,12,-1,31,0
10,5,31,13,+1,31,0
10,5,31,13,-1,31,0
10,5,31,14,+1,31,0
10,5,31,14,-1,31,0
10,5,31,15,+1,31,0
10,5,31,15,-1,31,0
10,5,31,16,+1,31,0
10,5,31,16,-1,31,0
10,5,31,17,+1,31,0
10,5,31,17,-1,31,0
10,5,31,18,+1,31,0
10,5,31,18,-1,31,0
10,5,31,19,+1,31,0
10,5,31,19,-1,31,0
10,5,31,20,+1,31,0
10,5,31,20,-1,31,0
10,5,31,21,+1,31,0
10,5,31,21,-1,31,0
10,5,31,22,+1,31,0
10,5,31,22,-1,31,0
10,5,31,23,+1,31,0
10,5,31,23,-1,31,0
10,5,31,24,+1,31,0
10,5,31,24,-1,31,0
10,5,31,25,+1,31,0
10,5,31,25,-1,31,0
10,5,31,26,+1,31,0
10,5,31,26,-1,31,0
10,5,31,27,+1,31,0
10,5,31,27,-1,31,0
10,5,31,28,+1,31,0
10,5,31,28,-1,31,0
10,5,31,29,+1,31,0
10,5,31,29,-1,31,0
10,5,31,30,+1,31,0
10,5,31,30,-1,31,0
10,5,31,31,+1,31,0
10,5,31,31,-1,31,0
10,5,31,32,+1,31,0
10,5,31,32,-1,31,0
10,5,31,33,+1,31,0
10,5,31,33,-1,31,0
10,5,31,34,+1,31,0
10,5,31,34,-1,31,0
10,5,31,35,+1,31,0
10,5,31,35,-1,31,0
10,5,31,36,+1,31,0
10,5,31,36,-1,31,0
10,5,31,37,+1,31,0
10,5,31,37,-1,31,0
10,5,31,38,+1,31,0
10,5,31,38,-1,31,0
10,6,300,0,+1,300,0
10,6,300,0,-1,300,0
10,6,300,1,+1,300,0
10,6,300,1,-1,300,0
10,6,300,2,+1,300,0
10,6,300,2,-1,300,0
10,6,300,4,+1,300,0
10,6,300,4,-1,300,0
10,6,300,5,+1,300,0
10,6,300,5,-1,300,0
10,6,300,6,+1,300,0
10,6,300,6,-1,300,0
10,6,300,7,+1,300,0
10,6,300,7,-1,300,0
10,6,300,8,+1,300,0
10,6,300,8,-1,300,0
10,6,300,9,+1,300,0
10,6,300,9,-1,300,0
10,6,300,10,+1,300,0
10,6,300,10,-1,300,0
10,6,300,11,+1,300,0
10,6,300,11,-1,300,0
10,6,300,12,+1,300,0
10,6,300,12,-1,300,0
10,6,300,13,+1,300,0
10,6,300,13,-1,300,0
10,6,300,14,+1,300,0
10,6,300,14,-1,300,0
10,6,300,15,+1,300,0
10,6,300,15,-1,300,0
10,6,300,16,+1,300,0
10,6,300,16,-1,300,0
10,6,300,17,+1,300,0
10,6,300,17,-1,300,0
10,6,300,18,+1,300,0
10,6,300,18,-1,300,0
10,6,300,19,+1,300,0
10,6,300,19,-1,300,0
10,6,300,20,+1,300,0
10,6,300,20,-1,300,0
10,6,300,21,+1,300,0
10,6,300,21,-1,300,0
10,6,300,22,+1,300,0
10,6,300,22,-1,300,0
10,6,300,23,+1,300,0
10,6,300,23,-1,300,0
10,6,300,24,+1,300,0
10,6,300,24,-1,300,0
10,6,300,25,+1,300,0
10,6,300,25,-1,300,0
10,6,300,26,+1,300,0
10,6,300,26,-1,300,0
10,6,300,27,+1,300,0
10,6,300,27,-1,300,0
10,6,300,28,+1,300,0
10,6,300,28,-1,300,0
10,6,300,29,+1,300,0
10,6,300,29,-1,300,0
10,6,300,30,+1,300,0
10,6,300,30,-1,300,0
10,6,300,31,+1,300,0
10,6,300,31,-1,300,0
10,6,300,32,+1,300,0
10,6,300,32,-1,300,0
10,6,300,33,+1,300,0
10,6,300,33,-1,300,0
10,6,300,34,+1,300,0
10,6,300,34,-1,300,0
10,6,300,35,+1,300,0
10,6,300,35,-1,300,0
10,6,300,36,+1,300,0
10,6,300,36,-1,300,0
10,6,300,37,+1,300,0
10,6,300,37,-1,300,0
10,6,300,38,+1,300,0
10,6,300,38,-1,300,0
10,6,300,39,+1,300,0
10,6,300,39,-1,300,0
10,7,68,0,+1,68,0
10,7,68,0,-1,68,0
10,7,68,1,+1,69,1
10,7,68,1,-1,68,0
10,7,68,2,+1,68,0
10,7,68,2,-1,68,0
10,7,68,3,+1,68,0
10,7,68,3,-1,68,0
10,7,68,4,+1,68,0
10,7,68,4,-1,68,0
10,7,68,5,+1,68,0
10,7,68,5,-1,68,0
10,7,68,6,+1,68,0
10,7,68,6,-1,68,0
10,7,68,7,+1,68,0
10,7,68,7,-1,68,0
10,7,68,8,+1,68,0
10,7,68,8,-1,68,0
10,7,68,9,+1,68,0
10,7,68,9,-1,68,0
10,7,68,10,+1,68,0
10,7,68,10,-1,68,0
10,7,68,11,+1,68,0
10,7,68,11,-1,68,0
10,7,68,12,+1,68,0
10,7,68,12,-1,68,0
10,7,68,13,+1,68,0
10,7,68,13,-1,68,0
10,7,68,14,+1,68,0
10,7,68,14,-1,68,0
10,7,68,15,+1,68,0
10,7,68,15,-1,68,0
10,7,68,16,+1,68,0
10,7,68,16,-1,68,0
10,7,68,17,+1,69,1
10,7,68,17,-1,68,0
10,7,68,18,+1,68,0
10,7,68,18,-1,68,0
10,7,68,19,+1,68,0
10,7,68,19,-1,68,0
10,7,68,20,+1,68,0
10,7,68,20,-1,68,0
10,7,68,21,+1,68,0
10,7,68,21,-1,68,0
10,7,68,22,+1,68,0
10,7,68,22,-1,68,0
10,7,68,23,+1,68,0
10,7,68,23,-1,68,0
10,7,68,24,+1,68,0
10,7,68,24,-1,68,0
10,7,68,25,+1,68,0
10,7,68,25,-1,68,0
10,7,68,26,+1,69,1
10,7,68,26,-1,68,0
10,7,68,27,+1,68,0
10,7,68,27,-1,68,0
10,7,68,28,+1,68,0
10,7,68,28,-1,68,0
10,7,68,29,+1,68,0
10,7,68,29,-1,68,0
10,7,68,30,+1,68,0
10,7,68,30,-1,68,0
10,7,68,31,+1,68,0
10,7,68,31,-1,68,0
10,7,68,32,+1,68,0
10,7,68,32,-1,68,0
10,7,68,33,+1,68,0
10,7,68,33,-1,68,0
10,7,68,34,+1,68,0
10,7,68,34,-1,68,0
10,7,68,35,+1,68,0
10,7,68,35,-1,68,0
10,7,68,36,+1,68,0
10,7,68,36,-1,68,0
10,7,68,37,+1,68,0
10,7,68,37,-1,68,0
10,7,68,38,+1,68,0
10,7,68,38,-1,68,0
10,7,68,39,+1,68,0
10,7,68,39,-1,68,0
10,8,38,0,+1,38,0
10,8,38,0,-1,37,-1
10,8,38,1,+1,38,0
10,8,38,1,-1,38,0
10,8,38,2,+1,38,0
10,8,38,2,-1,38,0
10,8,38,3,+1,38,0
10,8,38,3,-1,38,0
10,8,38,4,+1,38,0
10,8,38,4,-1,37,-1
10,8,38,5,+1,38,0
10,8,38,5,-1,38,0
10,8,38,6,+1,38,0
10,8,38,6,-1,38,0
10,8,38,7,+1,38,0
10,8,38,7,-1,38,0
10,8,38,8,+1,38,0
10,8,38,8,-1,38,0
10,8,38,9,+1,38,0
10,8,38,9,-1,38,0
10,8,38,10,+1,38,0
10,8,38,10,-1,38,0
10,8,38,11,+1,38,0
10,8,38,11,-1,38,0
10,8,38,12,+1,38,0
10,8,38,12,-1,38,0
10,8,38,13,+1,38,0
10,8,38,13,-1,38,0
10,8,38,14,+1,38,0
10,8,38,14,-1,38,0
10,8,38,15,+1,38,0
10,8,38,15,-1,38,0
10,8,38,16,+1,38,0
10,8,38,16,-1,38,0
10,8,38,17,+1,38,0
10,8,38,17,-1,38,0
10,8,38,18,+1,38,0
10,8,38,18,-1,38,0
10,8,38,19,+1,38,0
10,8,38,19,-1,38,0
10,8,38,20,+1,38,0
10,8,38,20,-1,38,0
10,8,38,21,+1,38,0
10,8,38,21,-1,37,-1
10,8,38,22,+1,38,0
10,8,38,22,-1,38,0
10,8,38,23,+1,38,0
10,8,38,23,-1,38,0
10,8,38,24,+1,38,0
10,8,38,24,-1,38,0
10,8,38,25,+1,38,0
10,8,38,25,-1,38,0
10,8,38,26,+1,38,0
10,8,38,26,-1,37,-1
10,8,38,27,+1,38,0
10,8,38,27,-1,37,-1
10,8,38,28,+1,38,0
10,8,38,28,-1,38,0
10,8,38,29,+1,38,0
10,8,38,29,-1,38,0
10,8,38,30,+1,38,0
10,8,38,30,-1,38,0
10,8,38,31,+1,38,0
10,8,38,31,-1,38,0
10,8,38,32,+1,38,0
10,8,38,32,-1,38,0
10,8,38,33,+1,38,0
10,8,38,33,-1,38,0
10,8,38,34,+1,38,0
10,8,38,34,-1,38,0
10,8,38,35,+1,38,0
10,8,38,35,-1,38,0
10,8,38,36,+1,38,0
10,8,38,36,-1,38,0
10,8,38,37,+1,38,0
10,8,38,37,-1,38,0
10,8,38,38,+1,38,0
10,8,38,38,-1,38,0
10,8,38,39,+1,38,0
10,8,38,39,-1,38,0
10,9,84,0,+1,85,1
10,9,84,0,-1,84,0
10,9,84,1,+1,84,0
10,9,84,1,-1,84,0
10,9,84,2,+1,84,0
10,9,84,2,-1,84,0
10,9,84,3,+1,84,0
10,9,84,3,-1,84,0
10,9,84,4,+1,84,0
10,9,84,4,-1,84,0
10,9,84,5,+1,84,0
10,9,84,5,-1,84,0
10,9,84,6,+1,84,0
10,9,84,6,-1,84,0
10,9,84,7,+1,85,1
10,9,84,7,-1,84,0
10,9,84,8,+1,84,0
10,9,84,8,-1,84,0
10,9,84,9,+1,84,0
10,9,84,9,-1,84,0
10,9,84,10,+1,84,0
10,9,84,10,-1,84,0
10,9,84,11,+1,84,0
10,9,84,11,-1,84,0
10,9,84,12,+1,84,0
10,9,84,12,-1,84,0
10,9,84,13,+1,84,0
10,9,84,13,-1,84,0
10,9,84,14,+1,84,0
10,9,84,14,-1,84,0
10,9,84,15,+1,84,0
10,9,84,15,-1,84,0
10,9,84,16,+1,85,1
10,9,84,16,-1,84,0
10,9,84,17,+1,84,0
10,9,84,17,-1,84,0
10,9,84,18,+1,84,0
10,9,84,18,-1,84,0
10,9,84,19,+1,84,0
10,9,84,19,-1,84,0
10,9,84,20,+1,84,0
10,9,84,20,-1,84,0
10,9,84,21,+1,84,0
10,9,84,21,-1,84,0
10,9,84,22,+1,84,0
10,9,84,22,-1,84,0
10,9,84,23,+1,84,0
10,9,84,23,-1,84,0
10,9,84,24,+1,84,0
10,9,84,24,-1,84,0
10,9,84,25,+1,84,0
10,9,84,25,-1,84,0
10,9,84,26,+1,84,0
10,9,84,26,-1,84,0
10,9,84,27,+1,84,0
10,9,84,27,-1,84,0
10,9,84,28,+1,84,0
10,9,84,28,-1,84,0
10,9,84,29,+1,84,0
10,9,84,29,-1,84,0
10,9,84,30,+1,84,0
10,9,84,30,-1,84,0
10,9,84,31,+1,84,0
10,9,84,31,-1,84,0
10,9,84,32,+1,84,0
10,9,84,32,-1,84,0
10,9,84,33,+1,84,0
10,9,84,33,-1,84,0
10,9,84,34,+1,84,0
10,9,84,34,-1,84,0
10,9,84,35,+1,84,0
10,9,84,35,-1,84,0
10,9,84,36,+1,84,0
10,9,84,36,-1,84,0
10,9,84,37,+1,84,0
10,9,84,37,-1,84,0
10,9,84,38,+1,84,0
10,9,84,38,-1,84,0
20,0,14,0,+1,14,0
20,0,14,0,-1,14,0
20,0,14,1,+1,14,0
20,0,14,1,-1,14,0
20,0,14,2,+1,14,0
20,0,14,2,-1,14,0
20,0,14,3,+1,14,0
20,0,14,3,-1,14,0
20,0,14,4,+1,14,0
20,0,14,4,-1,14,0
20,0,14,5,+1,14,0
20,0,14,5,-1,14,0
20,0,14,6,+1,14,0
20,0,14,6,-1,14,0
20,0,14,7,+1,14,0
20,0,14,7,-1,14,0
20,0,14,8,+1,14,0
20,0,14,8,-1,14,0
20,0,14,9,+1,14,0
20,0,14,9,-1,14,0
20,0,14,10,+1,14,0
20,0,14,10,-1,14,0
20,0,14,11,+1,14,0
20,0,14,11,-1,14,0
20,0,14,12,+1,14,0
20,0,14,12,-1,14,0
20,0,14,13,+1,14,0
20,0,14,13,-1,14,0
20,0,14,14,+1,14,0
20,0,14,14,-1,14,0
20,0,14,15,+1,14,0
20,0,14,15,-1,14,0
20,0,14,16,+1,14,0
20,0,14,16,-1,14,0
20,0,14,17,+1,14,0
20,0,14,17,-1,14,0
20,0,14,18,+1,14,0
20,0,14,18,-1,14,0
20,0,14,19,+1,14,0
20,0,14,19,-1,14,0
20,0,14,20,+1,14,0
20,0,14,20,-1,14,0
20,0,14,21,+1,14,0
20,0,14,21,-1,14,0
20,0,14,22,+1,14,0
20,0,14,22,-1,14,0
20,0,14,23,+1,14,0
20,0,14,23,-1,14,0
20,0,14,24,+1,14,0
20,0,14,24,-1,14,0
20,0,14,25,+1,14,0
20,0,14,25,-1,14,0
20,0,14,26,+1,14,0
20,0,14,26,-1,14,0
20,0,14,27,+1,14,0
20,0,14,27,-1,14,0
20,0,14,28,+1,14,0
20,0,14,28,-1,14,0
20,0,14,29,+1,14,0
20,0,14,29,-1,14,0
20,0,14,30,+1,14,0
20,0,14,30,-1,14,0
20,0,14,31,+1,14,0
20,0,14,31,-1,14,0
20,0,14,32,+1,14,0
20,0,14,32,-1,14,0
20,0,14,33,+1,14,0
20,0,14,33,-1,14,0
20,0,14,34,+1,14,0
20,0,14,34,-1,14,0
20,0,14,35,+1,14,0
20,0,14,35,-1,14,0
20,0,14,36,+1,14,0
20,0,14,36,-1,14,0
20,0,14,37,+1,14,0
20,0,14,37,-1,14,0
20,0,14,38,+1,14,0
20,0,14,38,-1,14,0
20,0,14,39,+1,14,0
20,0,14,39,-1,14,0
20,0,14,40,+1,14,0
20,0,14,40,-1,14,0
20,0,14,41,+1,14,0
20,0,14,41,-1,14,0
20,0,14,42,+1,14,0
20,0,14,42,-1,14,0
20,0,14,43,+1,14,0
20,0,14,43,-1,14,0
20,0,14,44,+1,14,0
20,0,14,44,-1,10,-4
20,0,14,45,+1,14,0
20,0,14,45,-1,14,0
20,0,14,46,+1,14,0
20,0,14,46,-1,14,0
20,0,14,47,+1,14,0
20,0,14,47,-1,14,0
20,0,14,48,+1,14,0
20,0,14,48,-1,14,0
20,0,14,49,+1,14,0
20,0,14,49,-1,14,0
20,1,30,0,+1,30,0
20,1,30,0,-1,30,0
20,1,30,1,+1,30,0
20,1,30,1,-1,30,0
20,1,30,2,+1,30,0
20,1,30,2,-1,30,0
20,1,30,3,+1,30,0
20,1,30,3,-1,30,0
20,1,30,4,+1,30,0
20,1,30,4,-1,29,-1
20,1,30,5,+1,30,0
20,1,30,5,-1,30,0
20,1,30,6,+1,30,0
20,1,30,6,-1,30,0
20,1,30,7,+1,30,0
20,1,30,7,-1,30,0
20,1,30,8,+1,30,0
20,1,30,8,-1,30,0
20,1,30,9,+1,30,0
20,1,30,9,-1,30,0
20,1,30,10,+1,30,0
20,1,30,10,-1,30,0
20,1,30,11,+1,30,0
20,1,30,11,-1,30,0
20,1,30,12,+1,30,0
20,1,30,12,-1,30,0
20,1,30,13,+1,30,0
20,1,30,13,-1,30,0
20,1,30,14,+1,30,0
20,1,30,14,-1,30,0
20,1,30,15,+1,30,0
20,1,30,15,-1,30,0
20,1,30,16,+1,30,0
20,1,30,16,-1,30,0
20,1,30,17,+1,30,0
20,1,30,17,-1,29,-1
20,1,30,18,+1,30,0
20,1,30,18,-1,30,0
20,1,30,19,+1,30,0
20,1,30,19,-1,30,0
20,1,30,20,+1,30,0
20,1,30,20,-1,30,0
20,1,30,21,+1,30,0
20,1,30,21,-1,30,0
20,1,30,22,+1,30,0
20,1,30,22,-1,30,0
20,1,30,23,+1,30,0
20,1,30,23,-1,30,0
20,1,30,24,+1,30,0
20,1,30,24,-1,30,0
20,1,30,25,+1,30,0
20,1,30,25,-1,30,0
20,1,30,26,+1,30,0
20,1,30,26,-1,30,0
20,1,30,27,+1,30,0
20,1,30,27,-1,30,0
20,1,30,28,+1,30,0
20,1,30,28,-1,30,0
20,1,30,29,+1,30,0
20,1,30,29,-1,30,0
20,1,30,30,+1,30,0
20,1,30,30,-1,30,0
20,1,30,31,+1,30,0
20,1,30,31,-1,30,0
20,1,30,32,+1,30,0
20,1,30,32,-1,30,0
20,1,30,33,+1,30,0
20,1,30,33,-1,30,0
20,1,30,34,+1,30,0
20,1,30,34,-1,30,0
20,1,30,35,+1,30,0
20,1,30,35,-1,30,0
20,1,30,36,+1,30,0
20,1,30,36,-1,30,0
20,1,30,37,+1,30,0
20,1,30,37,-1,30,0
20,1,30,38,+1,30,0
20,1,30,38,-1,30,0
20,1,30,39,+1,30,0
20,1,30,39,-1,30,0
20,1,30,40,+1,30,0
20,1,30,40,-1,30,0
20,1,30,41,+1,30,0
20,1,30,41,-1,30,0
20,1,30,42,+1,30,0
20,1,30,42,-1,30,0
20,1,30,43,+1,30,0
20,1,30,43,-1,30,0
20,1,30,44,+1,30,0
20,1,30,44,-1,30,0
20,1,30,45,+1,30,0
20,1,30,45,-1,30,0
20,1,30,46,+1,30,0
20,1,30,46,-1,30,0
20,1,30,47,+1,30,0
20,1,30,47,-1,30,0
20,1,30,48,+1,30,0
20,1,30,48,-1,30,0
20,1,30,49,+1,30,0
20,1,30,49,-1,30,0
20,2,47,0,+1,47,0
20,2,47,0,-1,47,0
20,2,47,1,+1,47,0
20,2,47,1,-1,47,0
20,2,47,2,+1,48,1
20,2,47,2,-1,47,0
20,2,47,3,+1,47,0
20,2,47,3,-1,47,0
20,2,47,4,+1,47,0
20,2,47,4,-1,47,0
20,2,47,5,+1,47,0
20,2,47,5,-1,47,0
20,2,47,6,+1,47,0
20,2,47,6,-1,47,0
20,2,47,7,+1,47,0
20,2,47,7,-1,47,0
20,2,47,8,+1,47,0
20,2,47,8,-1,47,0
20,2,47,9,+1,47,0
20,2,47,9,-1,47,0
20,2,47,10,+1,47,0
20,2,47,10,-1,47,0
20,2,47,11,+1,47,0
20,2,47,11,-1,47,0
20,2,47,12,+1,47,0
20,2,47,12,-1,47,0
20,2,47,13,+1,47,0
20,2,47,13,-1,47,0
20,2,47,14,+1,47,0
20,2,47,14,-1,47,0
20,2,47,15,+1,47,0
20,2,47,15,-1,47,0
20,2,47,16,+1,47,0
20,2,47,16,-1,47,0
20,2,47,17,+1,47,0
20,2,47,17,-1,47,0
20,2,47,18,+1,47,0
20,2,47,18,-1,47,0
20,2,47,19,+1,47,0
20,2,47,19,-1,47,0
20,2,47,20,+1,47,0
20,2,47,20,-1,47,0
20,2,47,21,+1,47,0
20,2,47,21,-1,47,0
20,2,47,22,+1,48,1
20,2,47,22,-1,47,0
20,2,47,23,+1,47,0
20,2,47,23,-1,47,0
20,2,47,24,+1,47,0
20,2,47,24,-1,47,0
20,2,47,25,+1,47,0
20,2,47,25,-1,47,0
20,2,47,26,+1,47,0
20,2,47,26,-1,47,0
20,2,47,27,+1,48,1
20,2,47,27,-1,47,0
20,2,47,28,+1,47,0
20,2,47,28,-1,47,0
20,2,47,29,+1,47,0
20,2,47,29,-1,47,0
20,2,47,30,+1,47,0
20,2,47,30,-1,47,0
20,2,47,31,+1,47,0
20,2,47,31,-1,47,0
20,2,47,32,+1,47,0
20,2,47,32,-1,47,0
20,2,47,33,+1,47,0
20,2,47,33,-1,47,0
20,2,47,34,+1,48,1
20,2,47,34,-1,47,0
20,2,47,35,+1,47,0
20,2,47,35,-1,47,0
20,2,47,36,+1,47,0
20,2,47,36,-1,47,0
20,2,47,37,+1,47,0
20,2,47,37,-1,47,0
20,2,47,38,+1,47,0
20,2,47,38,-1,47,0
20,2,47,39,+1,47,0
20,2,47,39,-1,47,0
20,2,47,40,+1,47,0
20,2,47,40,-1,47,0
20,2,47,41,+1,47,0
20,2,47,41,-1,47,0
20,2,47,42,+1,47,0
20,2,47,42,-1,47,0
20,2,47,43,+1,47,0
20,2,47,43,-1,47,0
20,2,47,44,+1,47,0
20,2,47,44,-1,47,0
20,2,47,45,+1,47,0
20,2,47,45,-1,47,0
20,2,47,46,+1,47,0
20,2,47,46,-1,47,0
20,2,47,47,+1,47,0
20,2,47,47,-1,47,0
20,2,47,48,+1,47,0
20,2,47,48,-1,47,0
20,2,47,49,+1,47,0
20,2,47,49,-1,47,0
20,3,14,0,+1,9,-5
20,3,14,0,-1,14,0
20,3,14,1,+1,16,2
20,3,14,1,-1,14,0
20,3,14,2,+1,14,0
20,3,14,2,-1,14,0
20,3,14,3,+1,14,0
20,3,14,3,-1,14,0
20,3,14,4,+1,14,0
20,3,14,4,-1,14,0
20,3,14,5,+1,14,0
20,3,14,5,-1,14,0
20,3,14,6,+1,14,0
20,3,14,6,-1,14,0
20,3,14,7,+1,14,0
20,3,14,7,-1,14,0
20,3,14,8,+1,14,0
20,3,14,8,-1,14,0
20,3,14,9,+1,14,0
20,3,14,9,-1,14,0
20,3,14,10,+1,14,0
20,3,14,10,-1,14,0
20,3,14,11,+1,14,0
20,3,14,11,-1,14,0
20,3,14,12,+1,14,0
20,3,14,12,-1,14,0
20,3,14,13,+1,14,0
20,3,14,13,-1,14,0
20,3,14,14,+1,14,0
20,3,14,14,-1,14,0
20,3,14,15,+1,14,0
20,3,14,15,-1,14,0
20,3,14,17,+1,14,0
20,3,14,17,-1,14,0
20,3,14,18,+1,14,0
20,3,14,18,-1,14,0
20,3,14,19,+1,16,2
20,3,14,19,-1,14,0
20,3,14,20,+1,14,0
20,3,14,20,-1,14,0
20,3,14,21,+1,14,0
20,3,14,21,-1,14,0
20,3,14,22,+1,14,0
20,3,14,22,-1,14,0
20,3,14,23,+1,14,0
20,3,14,23,-1,14,0
20,3,14,24,+1,14,0
20,3,14,24,-1,14,0
20,3,14,25,+1,14,0
20,3,14,25,-1,14,0
20,3,14,26,+1,14,0
20,3,14,26,-1,14,0
20,3,14,27,+1,14,0
20,3,14,27,-1,14,0
20,3,14,28,+1,9,-5
20,3,14,28,-1,14,0
20,3,14,29,+1,14,0
20,3,14,29,-1,14,0
20,3,14,30,+1,14,0
20,3,14,30,-1,14,0
20,3,14,31,+1,14,0
20,3,14,31,-1,14,0
20,3,14,32,+1,14,0
20,3,14,32,-1,14,0
20,3,14,33,+1,14,0
20,3,14,33,-1,14,0
20,3,14,34,+1,14,0
20,3,14,34,-1,14,0
20,3,14,35,+1,16,2
20,3,14,35,-1,14,0
20,3,14,36,+1,14,0
20,3,14,36,-1,14,0
20,3,14,37,+1,14,0
20,3,14,37,-1,14,0
20,3,14,38,+1,16,2
20,3,14,38,-1,14,0
20,3,14,39,+1,14,0
20,3,14,39,-1,14,0
20,3,14,40,+1,14,0
20,3,14,40,-1,14,0
20,3,14,41,+1,14,0
20,3,14,41,-1,14,0
20,3,14,42,+1,14,0
20,3,14,42,-1,14,0
20,3,14,43,+1,14,0
20,3,14,43,-1,14,0
20,3,14,44,+1,14,0
20,3,14,44,-1,14,0
20,3,14,45,+1,14,0
20,3,14,45,-1,14,0
20,3,14,46,+1,14,0
20,3,14,46,-1,14,0
20,3,14,48,+1,14,0
20,3,14,48,-1,14,0
20,3,14,49,+1,14,0
20,3,14,49,-1,14,0
20,4,18,0,+1,18,0
20,4,18,0,-1,17,-1
20,4,18,1,+1,18,0
20,4,18,1,-1,18,0
20,4,18,2,+1,18,0
20,4,18,2,-1,18,0
20,4,18,3,+1,18,0
20,4,18,3,-1,18,0
20,4,18,4,+1,18,0
20,4,18,4,-1,18,0
20,4,18,5,+1,18,0
20,4,18,5,-1,18,0
20,4,18,6,+1,18,0
20,4,18,6,-1,18,0
20,4,18,7,+1,18,0
20,4,18,7,-1,18,0
20,4,18,8,+1,18,0
20,4,18,8,-1,17,-1
20,4,18,9,+1,18,0
20,4,18,9,-1,18,0
20,4,18,10,+1,18,0
20,4,18,10,-1,18,0
20,4,18,11,+1,18,0
20,4,18,11,-1,18,0
20,4,18,12,+1,18,0
20,4,18,12,-1,18,0
20,4,18,13,+1,18,0
20,4,18,13,-1,18,0
20,4,18,14,+1,18,0
20,4,18,14,-1,18,0
20,4,18,15,+1,18,0
20,4,18,15,-1,18,0
20,4,18,16,+1,18,0
20,4,18,16,-1,18,0
20,4,18,17,+1,18,0
20,4,18,17,-1,18,0
20,4,18,18,+1,18,0
20,4,18,18,-1,18,0
20,4,18,19,+1,18,0
20,4,18,19,-1,18,0
20,4,18,20,+1,18,0
20,4,18,20,-1,18,0
20,4,18,21,+1,18,0
20,4,18,21,-1,18,0
20,4,18,22,+1,18,0
20,4,18,22,-1,18,0
20,4,18,23,+1,18,0
20,4,18,23,-1,18,0
20,4,18,24,+1,18,0
20,4,18,24,-1,18,0
20,4,18,25,+1,18,0
20,4,18,25,-1,18,0
20,4,18,26,+1,18,0
20,4,18,26,-1,18,0
20,4,18,27,+1,18,0
20,4,18,27,-1,18,0
20,4,18,28,+1,18,0
20,4,18,28,-1,18,0
20,4,18,29,+1,18,0
20,4,18,29,-1,18,0
20,4,18,30,+1,18,0
20,4,18,30,-1,17,-1
20,4,18,31,+1,18,0
20,4,18,31,-1,18,0
20,4,18,32,+1,18,0
20,4,18,32,-1,18,0
20,4,18,33,+1,18,0
20,4,18,33,-1,18,0
20,4,18,34,+1,18,0
20,4,18,34,-1,18,0
20,4,18,35,+1,18,0
20,4,18,35,-1,18,0
20,4,18,36,+1,18,0
20,4,18,36,-1,18,0
20,4,18,37,+1,18,0
20,4,18,37,-1,18,0
20,4,18,38,+1,18,0
20,4,18,38,-1,18,0
20,4,18,39,+1,18,0
20,4,18,39,-1,18,0
20,4,18,40,+1,18,0
20,4,18,40,-1,18,0
20,4,18,41,+1,18,0
20,4,18,41,-1,18,0
20,4,18,42,+1,18,0
20,4,18,42,-1,18,0
20,4,18,43,+1,18,0
20,4,18,43,-1,18,0
20,4,18,44,+1,18,0
20,4,18,44,-1,18,0
20,4,18,45,+1,18,0
20,4,18,45,-1,18,0
20,4,18,46,+1,18,0
20,4,18,46,-1,18,0
20,4,18,47,+1,18,0
20,4,18,47,-1,18,0
20,4,18,48,+1,18,0
20,4,18,48,-1,18,0
20,4,18,49,+1,18,0
20,4,18,49,-1,18,0
20,5,18,0,+1,18,0
20,5,18,0,-1,18,0
20,5,18,1,+1,18,0
20,5,18,1,-1,18,0
20,5,18,2,+1,18,0
20,5,18,2,-1,18,0
20,5,18,3,+1,18,0
20,5,18,3,-1,14,-4
20,5,18,4,+1,18,0
20,5,18,4,-1,18,0
20,5,18,5,+1,18,0
20,5,18,5,-1,18,0
20,5,18,6,+1,18,0
20,5,18,6,-1,18,0
20,5,18,7,+1,18,0
20,5,18,7,-1,18,0
20,5,18,8,+1,18,0
20,5,18,8,-1,18,0
20,5,18,9,+1,18,0
20,5,18,9,-1,18,0
20,5,18,10,+1,18,0
20,5,18,10,-1,18,0
20,5,18,11,+1,18,0
20,5,18,11,-1,14,-4
20,5,18,12,+1,18,0
20,5,18,12,-1,18,0
20,5,18,13,+1,18,0
20,5,18,13,-1,18,0
20,5,18,14,+1,18,0
20,5,18,14,-1,18,0
20,5,18,15,+1,18,0
20,5,18,15,-1,18,0
20,5,18,16,+1,18,0
20,5,18,16,-1,18,0
20,5,18,17,+1,18,0
20,5,18,17,-1,18,0
20,5,18,18,+1,18,0
20,5,18,18,-1,18,0
20,5,18,19,+1,18,0
20,5,18,19,-1,18,0
20,5,18,20,+1,18,0
20,5,18,20,-1,18,0
20,5,18,21,+1,18,0
20,5,18,21,-1,18,0
20,5,18,22,+1,18,0
20,5,18,22,-1,18,0
20,5,18,23,+1,18,0
20,5,18,23,-1,18,0
20,5,18,24,+1,18,0
20,5,18,24,-1,18,0
20,5,18,25,+1,18,0
20,5,18,25,-1,18,0
20,5,18,26,+1,18,0
20,5,18,26,-1,19,1
20,5,18,27,+1,18,0
20,5,18,27,-1,18,0
20,5,18,28,+1,18,0
20,5,18,28,-1,18,0
20,5,18,29,+1,18,0
20,5,18,29,-1,14,-4
20,5,18,30,+1,18,0
20,5,18,30,-1,18,0
20,5,18,31,+1,18,0
20,5,18,31,-1,18,0
20,5,18,32,+1,18,0
20,5,18,32,-1,18,0
20,5,18,33,+1,18,0
20,5,18,33,-1,18,0
20,5,18,34,+1,18,0
20,5,18,34,-1,18,0
20,5,18,35,+1,18,0
20,5,18,35,-1,18,0
20,5,18,36,+1,18,0
20,5,18,36,-1,18,0
20,5,18,37,+1,18,0
20,5,18,37,-1,18,0
20,5,18,38,+1,18,0
20,5,18,38,-1,18,0
20,5,18,39,+1,18,0
20,5,18,39,-1,18,0
20,5,18,40,+1,18,0
20,5,18,40,-1,18,0
20,5,18,41,+1,18,0
20,5,18,41,-1,18,0
20,5,18,42,+1,18,0
20,5,18,42,-1,18,0
20,5,18,43,+1,18,0
20,5,18,43,-1,19,1
20,5,18,44,+1,18,0
20,5,18,44,-1,18,0
20,5,18,45,+1,18,0
20,5,18,45,-1,18,0
20,5,18,46,+1,18,0
20,5,18,46,-1,18,0
20,5,18,47,+1,18,0
20,5,18,47,-1,18,0
20,5,18,48,+1,18,0
20,5,18,48,-1,18,0
20,5,18,49,+1,18,0
20,5,18,49,-1,14,-4
20,6,14,0,+1,14,0
20,6,14,0,-1,14,0
20,6,14,1,+1,14,0
20,6,14,1,-1,14,0
20,6,14,2,+1,14,0
20,6,14,2,-1,14,0
20,6,14,3,+1,14,0
20,6,14,3,-1,14,0
20,6,14,4,+1,14,0
20,6,14,4,-1,14,0
20,6,14,5,+1,14,0
20,6,14,5,-1,14,0
20,6,14,6,+1,14,0
20,6,14,6,-1,14,0
20,6,14,7,+1,14,0
20,6,14,7,-1,14,0
20,6,14,8,+1,14,0
20,6,14,8,-1,14,0
20,6,14,9,+1,14,0
20,6,14,9,-1,14,0
20,6,14,10,+1,14,0
20,6,14,10,-1,14,0
20,6,14,11,+1,14,0
20,6,14,11,-1,14,0
20,6,14,12,+1,14,0
20,6,14,12,-1,14,0
20,6,14,14,+1,14,0
20,6,14,14,-1,14,0
20,6,14,15,+1,14,0
20,6,14,15,-1,14,0
20,6,14,16,+1,14,0
20,6,14,16,-1,14,0
20,6,14,17,+1,14,0
20,6,14,17,-1,14,0
20,6,14,18,+1,14,0
20,6,14,18,-1,14,0
20,6,14,19,+1,14,0
20,6,14,19,-1,14,0
20,6,14,20,+1,14,0
20,6,14,20,-1,14,0
20,6,14,21,+1,14,0
20,6,14,21,-1,14,0
20,6,14,22,+1,14,0
20,6,14,22,-1,14,0
20,6,14,23,+1,14,0
20,6,14,23,-1,14,0
20,6,14,24,+1,14,0
20,6,14,24,-1,14,0
20,6,14,25,+1,14,0
20,6,14,25,-1,14,0
20,6,14,26,+1,14,0
20,6,14,26,-1,14,0
20,6,14,27,+1,14,0
20,6,14,27,-1,14,0
20,6,14,28,+1,14,0
20,6,14,28,-1,14,0
20,6,14,29,+1,14,0
20,6,14,29,-1,14,0
20,6,14,30,+1,14,0
20,6,14,30,-1,14,0
20,6,14,31,+1,14,0
20,6,14,31,-1,14,0
20,6,14,32,+1,14,0
20,6,14,32,-1,14,0
20,6,14,33,+1,14,0
20,6,14,33,-1,14,0
20,6,14,34,+1,14,0
20,6,14,34,-1,14,0
20,6,14,35,+1,14,0
20,6,14,35,-1,14,0
20,6,14,36,+1,14,0
20,6,14,36,-1,14,0
20,6,14,38,+1,14,0
20,6,14,38,-1,14,0
20,6,14,39,+1,14,0
20,6,14,39,-1,14,0
20,6,14,40,+1,14,0
20,6,14,40,-1,14,0
20,6,14,41,+1,14,0
20,6,14,41,-1,14,0
20,6,14,42,+1,14,0
20,6,14,42,-1,14,0
20,6,14,43,+1,14,0
20,6,14,43,-1,14,0
20,6,14,44,+1,14,0
20,6,14,44,-1,14,0
20,6,14,45,+1,14,0
20,6,14,45,-1,14,0
20,6,14,46,+1,14,0
20,6,14,46,-1,14,0
20,6,14,47,+1,14,0
20,6,14,47,-1,14,0
20,6,14,48,+1,14,0
20,6,14,48,-1,14,0
20,6,14,49,+1,14,0
20,6,14,49,-1,14,0
20,7,13,0,+1,13,0
20,7,13,0,-1,13,0
20,7,13,1,+1,11,-2
20,7,13,1,-1,13,0
20,7,13,2,+1,13,0
20,7,13,2,-1,13,0
20,7,13,3,+1,13,0
20,7,13,3,-1,13,0
20,7,13,4,+1,13,0
20,7,13,4,-1,13,0
20,7,13,5,+1,13,0
20,7,13,5,-1,13,0
20,7,13,6,+1,13,0
20,7,13,6,-1,13,0
20,7,13,7,+1,13,0
20,7,13,7,-1,13,0
20,7,13,8,+1,13,0
20,7,13,8,-1,13,0
20,7,13,9,+1,13,0
20,7,13,9,-1,13,0
20,7,13,10,+1,13,0
20,7,13,10,-1,13,0
20,7,13,11,+1,13,0
20,7,13,11,-1,13,0
20,7,13,12,+1,13,0
20,7,13,12,-1,13,0
20,7,13,13,+1,13,0
20,7,13,13,-1,13,0
20,7,13,14,+1,11,-2
20,7,13,14,-1,13,0
20,7,13,15,+1,13,0
20,7,13,15,-1,13,0
20,7,13,16,+1,13,0
20,7,13,16,-1,13,0
20,7,13,17,+1,13,0
20,7,13,17,-1,13,0
20,7,13,18,+1,13,0
20,7,13,18,-1,13,0
20,7,13,19,+1,13,0
20,7,13,19,-1,13,0
20,7,13,20,+1,13,0
20,7,13,20,-1,13,0
20,7,13,21,+1,13,0
20,7,13,21,-1,13,0
20,7,13,22,+1,13,0
20,7,13,22,-1,13,0
20,7,13,23,+1,13,0
20,7,13,23,-1,13,0
20,7,13,24,+1,13,0
20,7,13,24,-1,13,0
20,7,13,25,+1,13,0
20,7,13,25,-1,13,0
20,7,13,26,+1,13,0
20,7,13,26,-1,13,0
20,7,13,27,+1,13,0
20,7,13,27,-1,13,0
20,7,13,28,+1,13,0
20,7,13,28,-1,13,0
20,7,13,29,+1,13,0
20,7,13,29,-1,13,0
20,7,13,30,+1,13,0
20,7,13,30,-1,13,0
20,7,13,31,+1,13,0
20,7,13,31,-1,13,0
20,7,13,32,+1,13,0
20,7,13,32,-1,13,0
20,7,13,33,+1,13,0
20,7,13,33,-1,13,0
20,7,13,34,+1,13,0
20,7,13,34,-1,13,0
20,7,13,35,+1,13,0
20,7,13,35,-1,13,0
20,7,13,36,+1,13,0
20,7,13,36,-1,13,0
20,7,13,37,+1,13,0
20,7,13,37,-1,13,0
20,7,13,38,+1,13,0
20,7,13,38,-1,13,0
20,7,13,39,+1,13,0
20,7,13,39,-1,13,0
20,7,13,40,+1,13,0
20,7,13,40,-1,13,0
20,7,13,41,+1,13,0
20,7,13,41,-1,13,0
20,7,13,42,+1,13,0
20,7,13,42,-1,13,0
20,7,13,43,+1,13,0
20,7,13,43,-1,13,0
20,7,13,44,+1,13,0
20,7,13,44,-1,13,0
20,7,13,45,+1,13,0
20,7,13,45,-1,13,0
20,7,13,46,+1,13,0
20,7,13,46,-1,13,0
20,7,13,47,+1,11,-2
20,7,13,47,-1,13,0
20,7,13,48,+1,13,0
20,7,13,48,-1,13,0
20,7,13,49,+1,13,0
20,7,13,49,-1,13,0
20,8,38,0,+1,38,0
20,8,38,0,-1,44,6
20,8,38,1,+1,38,0
20,8,38,1,-1,32,-6
20,8,38,2,+1,38,0
20,8,38,2,-1,38,0
20,8,38,3,+1,38,0
20,8,38,3,-1,38,0
20,8,38,4,+1,38,0
20,8,38,4,-1,38,0
20,8,38,5,+1,38,0
20,8,38,5,-1,38,0
20,8,38,6,+1,38,0
20,8,38,6,-1,38,0
20,8,38,7,+1,38,0
20,8,38,7,-1,38,0
20,8,38,8,+1,38,0
20,8,38,8,-1,38,0
20,8,38,10,+1,38,0
20,8,38,10,-1,38,0
20,8,38,11,+1,38,0
20,8,38,11,-1,38,0
20,8,38,12,+1,38,0
20,8,38,12,-1,38,0
20,8,38,13,+1,38,0
20,8,38,13,-1,38,0
20,8,38,14,+1,38,0
20,8,38,14,-1,38,0
20,8,38,15,+1,38,0
20,8,38,15,-1,38,0
20,8,38,16,+1,38,0
20,8,38,16,-1,38,0
20,8,38,17,+1,38,0
20,8,38,17,-1,38,0
20,8,38,18,+1,38,0
20,8,38,18,-1,38,0
20,8,38,19,+1,38,0
20,8,38,19,-1,38,0
20,8,38,20,+1,38,0
20,8,38,20,-1,38,0
20,8,38,21,+1,38,0
20,8,38,21,-1,38,0
20,8,38,22,+1,38,0
20,8,38,22,-1,38,0
20,8,38,23,+1,38,0
20,8,38,23,-1,38,0
20,8,38,24,+1,38,0
20,8,38,24,-1,38,0
20,8,38,25,+1,38,0
20,8,38,25,-1,38,0
20,8,38,26,+1,38,0
20,8,38,26,-1,38,0
20,8,38,27,+1,38,0
20,8,38,27,-1,38,0
20,8,38,28,+1,38,0
20,8,38,28,-1,38,0
20,8,38,29,+1,38,0
20,8,38,29,-1,38,0
20,8,38,30,+1,38,0
20,8,38,30,-1,38,0
20,8,38,31,+1,38,0
20,8,38,31,-1,38,0
20,8,38,32,+1,38,0
20,8,38,32,-1,38,0
20,8,38,33,+1,38,0
20,8,38,33,-1,38,0
20,8,38,34,+1,38,0
20,8,38,34,-1,38,0
20,8,38,35,+1,38,0
20,8,38,35,-1,38,0
20,8,38,36,+1,38,0
20,8,38,36,-1,38,0
20,8,38,37,+1,38,0
20,8,38,37,-1,38,0
20,8,38,38,+1,38,0
20,8,38,38,-1,38,0
20,8,38,39,+1,38,0
20,8,38,39,-1,38,0
20,8,38,40,+1,38,0
20,8,38,40,-1,38,0
20,8,38,41,+1,38,0
20,8,38,41,-1,38,0
20,8,38,42,+1,38,0
20,8,38,42,-1,38,0
20,8,38,43,+1,38,0
20,8,38,43,-1,38,0
20,8,38,44,+1,38,0
20,8,38,44,-1,38,0
20,8,38,45,+1,38,0
20,8,38,45,-1,38,0
20,8,38,46,+1,38,0
20,8,38,46,-1,38,0
20,8,38,47,+1,38,0
20,8,38,47,-1,38,0
20,8,38,48,+1,38,0
20,8,38,48,-1,38,0
20,8,38,49,+1,38,0
20,8,38,49,-1,38,0
20,9,29,0,+1,29,0
20,9,29,0,-1,24,-5
20,9,29,1,+1,29,0
20,9,29,1,-1,29,0
20,9,29,2,+1,29,0
20,9,29,2,-1,29,0
20,9,29,3,+1,29,0
20,9,29,3,-1,29,0
20,9,29,4,+1,29,0
20,9,29,4,-1,29,0
20,9,29,5,+1,29,0
20,9,29,5,-1,29,0
20,9,29,6,+1,29,0
20,9,29,6,-1,29,0
20,9,29,7,+1,29,0
20,9,29,7,-1,29,0
20,9,29,8,+1,29,0
20,9,29,8,-1,29,0
20,9,29,9,+1,29,0
20,9,29,9,-1,29,0
20,9,29,10,+1,29,0
20,9,29,10,-1,29,0
20,9,29,11,+1,29,0
20,9,29,11,-1,29,0
20,9,29,12,+1,29,0
20,9,29,12,-1,29,0
20,9,29,13,+1,29,0
20,9,29,13,-1,29,0
20,9,29,14,+1,29,0
20,9,29,14,-1,29,0
20,9,29,15,+1,29,0
20,9,29,15,-1,29,0
20,9,29,16,+1,29,0
20,9,29,16,-1,29,0
20,9,29,17,+1,29,0
20,9,29,17,-1,29,0
20,9,29,18,+1,29,0
20,9,29,18,-1,29,0
20,9,29,19,+1,29,0
20,9,29,19,-1,29,0
20,9,29,20,+1,29,0
20,9,29,20,-1,29,0
20,9,29,21,+1,29,0
20,9,29,21,-1,29,0
20,9,29,22,+1,29,0
20,9,29,22,-1,24,-5
20,9,29,23,+1,29,0
20,9,29,23,-1,29,0
20,9,29,24,+1,29,0
20,9,29,24,-1,29,0
20,9,29,25,+1,29,0
20,9,29,25,-1,29,0
20,9,29,26,+1,29,0
20,9,29,26,-1,29,0
20,9,29,27,+1,29,0
20,9,29,27,-1,29,0
20,9,29,28,+1,29,0
20,9,29,28,-1,29,0
20,9,29,29,+1,29,0
20,9,29,29,-1,29,0
20,9,29,30,+1,29,0
20,9,29,30,-1,29,0
20,9,29,31,+1,29,0
20,9,29,31,-1,29,0
20,9,29,32,+1,29,0
20,9,29,32,-1,29,0
20,9,29,33,+1,29,0
20,9,29,33,-1,29,0
20,9,29,34,+1,29,0
20,9,29,34,-1,29,0
20,9,29,35,+1,29,0
20,9,29,35,-1,29,0
20,9,29,36,+1,29,0
20,9,29,36,-1,29,0
20,9,29,37,+1,29,0
20,9,29,37,-1,29,0
20,9,29,38,+1,29,0
20,9,29,38,-1,29,0
20,9,29,39,+1,29,0
20,9,29,39,-1,29,0
20,9,29,40,+1,29,0
20,9,29,40,-1,29,0
20,9,29,41,+1,29,0
20,9,29,41,-1,29,0
20,9,29,42,+1,29,0
20,9,29,42,-1,29,0
20,9,29,43,+1,29,0
20,9,29,43,-1,29,0
20,9,29,44,+1,29,0
20,9,29,44,-1,29,0
20,9,29,45,+1,29,0
20,9,29,45,-1,29,0
20,9,29,46,+1,29,0
20,9,29,46,-1,29,0
20,9,29,47,+1,29,0
20,9,29,47,-1,29,0
20,9,29,48,+1,29,0
20,9,29,48,-1,29,0
20,9,29,49,+1,29,0
20,9,29,49,-1,29,0
30,0,28,0,+1,28,0
30,0,28,0,-1,28,0
30,0,28,1,+1,28,0
30,0,28,1,-1,28,0
30,0,28,2,+1,28,0
30,0,28,2,-1,28,0
30,0,28,3,+1,28,0
30,0,28,3,-1,28,0
30,0,28,4,+1,23,-5
30,0,28,4,-1,22,-6
30,0,28,5,+1,28,0
30,0,28,5,-1,28,0
30,0,28,6,+1,28,0
30,0,28,6,-1,19,-9
30,0,28,7,+1,28,0
30,0,28,7,-1,28,0
30,0,28,8,+1,28,0
30,0,28,8,-1,28,0
30,0,28,9,+1,28,0
30,0,28,9,-1,28,0
30,0,28,10,+1,28,0
30,0,28,10,-1,28,0
30,0,28,11,+1,28,0
30,0,28,11,-1,28,0
30,0,28,12,+1,28,0
30,0,28,12,-1,28,0
30,0,28,13,+1,28,0
30,0,28,13,-1,28,0
30,0,28,14,+1,28,0
30,0,28,14,-1,28,0
30,0,28,15,+1,28,0
30,0,28,15,-1,28,0
30,0,28,16,+1,28,0
30,0,28,16,-1,28,0
30,0,28,17,+1,28,0
30,0,28,17,-1,28,0
30,0,28,18,+1,28,0
30,0,28,18,-1,28,0
30,0,28,19,+1,28,0
30,0,28,19,-1,28,0
30,0,28,20,+1,28,0
30,0,28,20,-1,28,0
30,0,28,21,+1,28,0
30,0,28,21,-1,28,0
30,0,28,22,+1,28,0
30,0,28,22,-1,28,0
30,0,28,23,+1,28,0
30,0,28,23,-1,28,0
30,0,28,24,+1,28,0
30,0,28,24,-1,28,0
30,0,28,25,+1,28,0
30,0,28,25,-1,28,0
30,0,28,26,+1,28,0
30,0,28,26,-1,28,0
30,0,28,27,+1,28,0
30,0,28,27,-1,28,0
30,0,28,28,+1,28,0
30,0,28,28,-1,28,0
30,0,28,29,+1,28,0
30,0,28,29,-1,19,-9
30,0,28,30,+1,28,0
30,0,28,30,-1,28,0
30,0,28,31,+1,28,0
30,0,28,31,-1,28,0
30,0,28,32,+1,28,0
30,0,28,32,-1,28,0
30,0,28,33,+1,28,0
30,0,28,33,-1,28,0
30,0,28,34,+1,28,0
30,0,28,34,-1,28,0
30,0,28,35,+1,28,0
30,0,28,35,-1,28,0
30,0,28,36,+1,28,0
30,0,28,36,-1,28,0
30,0,28,37,+1,28,0
30,0,28,37,-1,28,0
30,0,28,38,+1,28,0
30,0,28,38,-1,28,0
30,0,28,39,+1,28,0
30,0,28,39,-1,28,0
30,0,28,40,+1,28,0
30,0,28,40,-1,28,0
30,0,28,41,+1,28,0
30,0,28,41,-1,28,0
30,0,28,42,+1,28,0
30,0,28,42,-1,28,0
30,0,28,43,+1,28,0
30,0,28,43,-1,28,0
30,0,28,44,+1,28,0
30,0,28,44,-1,28,0
30,0,28,45,+1,28,0
30,0,28,45,-1,28,0
30,0,28,46,+1,28,0
30,0,28,46,-1,28,0
30,0,28,47,+1,28,0
30,0,28,47,-1,28,0
30,0,28,48,+1,28,0
30,0,28,48,-1,28,0
30,0,28,49,+1,28,0
30,0,28,49,-1,28,0
30,1,11,0,+1,11,0
30,1,11,0,-1,11,0
30,1,11,1,+1,11,0
30,1,11,1,-1,11,0
30,1,11,2,+1,11,0
30,1,11,2,-1,15,4
30,1,11,3,+1,11,0
30,1,11,3,-1,11,0
30,1,11,4,+1,11,0
30,1,11,4,-1,11,0
30,1,11,5,+1,11,0
30,1,11,5,-1,11,0
30,1,11,6,+1,11,0
30,1,11,6,-1,11,0
30,1,11,7,+1,11,0
30,1,11,7,-1,11,0
30,1,11,8,+1,11,0
30,1,11,8,-1,11,0
30,1,11,9,+1,11,0
30,1,11,9,-1,11,0
30,1,11,10,+1,11,0
30,1,11,10,-1,11,0
30,1,11,11,+1,11,0
30,1,11,11,-1,11,0
30,1,11,12,+1,11,0
30,1,11,12,-1,11,0
30,1,11,13,+1,11,0
30,1,11,13,-1,11,0
30,1,11,14,+1,11,0
30,1,11,14,-1,11,0
30,1,11,15,+1,11,0
30,1,11,15,-1,11,0
30,1,11,16,+1,11,0
30,1,11,16,-1,11,0
30,1,11,17,+1,11,0
30,1,11,17,-1,11,0
30,1,11,18,+1,11,0
30,1,11,18,-1,11,0
30,1,11,19,+1,11,0
30,1,11,19,-1,11,0
30,1,11,20,+1,11,0
30,1,11,20,-1,11,0
30,1,11,21,+1,11,0
30,1,11,21,-1,11,0
30,1,11,22,+1,11,0
30,1,11,22,-1,11,0
30,1,11,23,+1,11,0
30,1,11,23,-1,11,0
30,1,11,24,+1,11,0
30,1,11,24,-1,11,0
30,1,11,25,+1,11,0
30,1,11,25,-1,11,0
30,1,11,26,+1,11,0
30,1,11,26,-1,11,0
30,1,11,27,+1,11,0
30,1,11,27,-1,11,0
30,1,11,28,+1,11,0
30,1,11,28,-1,11,0
30,1,11,29,+1,11,0
30,1,11,29,-1,11,0
30,1,11,30,+1,11,0
30,1,11,30,-1,11,0
30,1,11,31,+1,11,0
30,1,11,31,-1,11,0
30,1,11,32,+1,11,0
30,1,11,32,-1,11,0
30,1,11,33,+1,11,0
30,1,11,33,-1,11,0
30,1,11,34,+1,11,0
30,1,11,34,-1,11,0
30,1,11,35,+1,11,0
30,1,11,35,-1,11,0
30,1,11,36,+1,11,0
30,1,11,36,-1,11,0
30,1,11,37,+1,11,0
30,1,11,37,-1,11,0
30,1,11,38,+1,11,0
30,1,11,38,-1,11,0
30,1,11,39,+1,11,0
30,1,11,39,-1,11,0
30,1,11,40,+1,11,0
30,1,11,40,-1,11,0
30,1,11,41,+1,11,0
30,1,11,41,-1,11,0
30,1,11,42,+1,11,0
30,1,11,42,-1,11,0
30,1,11,43,+1,11,0
30,1,11,43,-1,11,0
30,1,11,44,+1,11,0
30,1,11,44,-1,11,0
30,1,11,45,+1,11,0
30,1,11,45,-1,11,0
30,1,11,46,+1,11,0
30,1,11,46,-1,11,0
30,1,11,47,+1,11,0
30,1,11,47,-1,11,0
30,1,11,48,+1,11,0
30,1,11,48,-1,11,0
30,1,11,49,+1,11,0
30,1,11,49,-1,11,0
30,2,17,0,+1,20,3
30,2,17,0,-1,23,6
30,2,17,1,+1,17,0
30,2,17,1,-1,17,0
30,2,17,2,+1,17,0
30,2,17,2,-1,17,0
30,2,17,3,+1,17,0
30,2,17,3,-1,17,0
30,2,17,4,+1,17,0
30,2,17,4,-1,17,0
30,2,17,5,+1,17,0
30,2,17,5,-1,17,0
30,2,17,6,+1,17,0
30,2,17,6,-1,17,0
30,2,17,7,+1,17,0
30,2,17,7,-1,17,0
30,2,17,8,+1,17,0
30,2,17,8,-1,17,0
30,2,17,9,+1,17,0
30,2,17,9,-1,17,0
30,2,17,10,+1,17,0
30,2,17,10,-1,17,0
30,2,17,11,+1,17,0
30,2,17,11,-1,17,0
30,2,17,12,+1,17,0
30,2,17,12,-1,17,0
30,2,17,13,+1,20,3
30,2,17,13,-1,17,0
30,2,17,14,+1,17,0
30,2,17,14,-1,17,0
30,2,17,15,+1,17,0
30,2,17,15,-1,17,0
30,2,17,16,+1,17,0
30,2,17,16,-1,17,0
30,2,17,17,+1,17,0
30,2,17,17,-1,17,0
30,2,17,18,+1,17,0
30,2,17,18,-1,17,0
30,2,17,19,+1,17,0
30,2,17,19,-1,17,0
30,2,17,20,+1,17,0
30,2,17,20,-1,17,0
30,2,17,21,+1,17,0
30,2,17,21,-1,17,0
30,2,17,22,+1,17,0
30,2,17,22,-1,17,0
30,2,17,23,+1,17,0
30,2,17,23,-1,17,0
30,2,17,24,+1,17,0
30,2,17,24,-1,17,0
30,2,17,25,+1,17,0
30,2,17,25,-1,17,0
30,2,17,26,+1,17,0
30,2,17,26,-1,17,0
30,2,17,27,+1,17,0
30,2,17,27,-1,17,0
30,2,17,28,+1,17,0
30,2,17,28,-1,17,0
30,2,17,29,+1,17,0
30,2,17,29,-1,17,0
30,2,17,30,+1,17,0
30,2,17,30,-1,17,0
30,2,17,31,+1,17,0
30,2,17,31,-1,17,0
30,2,17,32,+1,17,0
30,2,17,32,-1,17,0
30,2,17,33,+1,17,0
30,2,17,33,-1,17,0
30,2,17,34,+1,17,0
30,2,17,34,-1,17,0
30,2,17,35,+1,17,0
30,2,17,35,-1,17,0
30,2,17,36,+1,17,0
30,2,17,36,-1,17,0
30,2,17,37,+1,17,0
30,2,17,37,-1,17,0
30,2,17,38,+1,17,0
30,2,17,38,-1,17,0
30,2,17,39,+1,17,0
30,2,17,39,-1,17,0
30,2,17,40,+1,17,0
30,2,17,40,-1,17,0
30,2,17,41,+1,17,0
30,2,17,41,-1,17,0
30,2,17,42,+1,17,0
30,2,17,42,-1,17,0
30,2,17,43,+1,17,0
30,2,17,43,-1,17,0
30,2,17,44,+1,17,0
30,2,17,44,-1,17,0
30,2,17,45,+1,17,0
30,2,17,45,-1,17,0
30,2,17,46,+1,17,0
30,2,17,46,-1,17,0
30,2,17,47,+1,17,0
30,2,17,47,-1,17,0
30,2,17,48,+1,17,0
30,2,17,48,-1,17,0
30,2,17,49,+1,17,0
30,2,17,49,-1,17,0
30,3,22,0,+1,22,0
30,3,22,0,-1,22,0
30,3,22,1,+1,22,0
30,3,22,1,-1,22,0
30,3,22,2,+1,21,-1
30,3,22,2,-1,22,0
30,3,22,3,+1,22,0
30,3,22,3,-1,22,0
30,3,22,4,+1,22,0
30,3,22,4,-1,22,0
30,3,22,5,+1,22,0
30,3,22,5,-1,22,0
30,3,22,6,+1,22,0
30,3,22,6,-1,22,0
30,3,22,7,+1,22,0
30,3,22,7,-1,22,0
30,3,22,8,+1,22,0
30,3,22,8,-1,22,0
30,3,22,9,+1,22,0
30,3,22,9,-1,22,0
30,3,22,10,+1,22,0
30,3,22,10,-1,22,0
30,3,22,11,+1,22,0
30,3,22,11,-1,22,0
30,3,22,12,+1,22,0
30,3,22,12,-1,22,0
30,3,22,13,+1,22,0
30,3,22,13,-1,22,0
30,3,22,14,+1,22,0
30,3,22,14,-1,22,0
30,3,22,15,+1,22,0
30,3,22,15,-1,22,0
30,3,22,16,+1,22,0
30,3,22,16,-1,22,0
30,3,22,17,+1,22,0
30,3,22,17,-1,22,0
30,3,22,18,+1,22,0
30,3,22,18,-1,22,0
30,3,22,19,+1,22,0
30,3,22,19,-1,22,0
30,3,22,20,+1,22,0
30,3,22,20,-1,22,0
30,3,22,21,+1,22,0
30,3,22,21,-1,22,0
30,3,22,22,+1,22,0
30,3,22,22,-1,22,0
30,3,22,23,+1,22,0
30,3,22,23,-1,22,0
30,3,22,25,+1,22,0
30,3,22,25,-1,22,0
30,3,22,26,+1,22,0
30,3,22,26,-1,22,0
30,3,22,27,+1,22,0
30,3,22,27,-1,22,0
30,3,22,28,+1,22,0
30,3,22,28,-1,22,0
30,3,22,29,+1,22,0
30,3,22,29,-1,22,0
30,3,22,30,+1,22,0
30,3,22,30,-1,22,0
30,3,22,31,+1,23,1
30,3,22,31,-1,22,0
30,3,22,32,+1,22,0
30,3,22,32,-1,22,0
30,3,22,33,+1,22,0
30,3,22,33,-1,22,0
30,3,22,34,+1,22,0
30,3,22,34,-1,22,0
30,3,22,35,+1,22,0
30,3,22,35,-1,22,0
30,3,22,36,+1,22,0
30,3,22,36,-1,22,0
30,3,22,37,+1,22,0
30,3,22,37,-1,22,0
30,3,22,38,+1,22,0
30,3,22,38,-1,22,0
30,3,22,39,+1,22,0
30,3,22,39,-1,22,0
30,3,22,40,+1,22,0
30,3,22,40,-1,22,0
30,3,22,41,+1,22,0
30,3,22,41,-1,22,0
30,3,22,42,+1,22,0
30,3,22,42,-1,22,0
30,3,22,43,+1,22,0
30,3,22,43,-1,22,0
30,3,22,44,+1,21,-1
30,3,22,44,-1,22,0
30,3,22,45,+1,22,0
30,3,22,45,-1,22,0
30,3,22,46,+1,23,1
30,3,22,46,-1,22,0
30,3,22,47,+1,22,0
30,3,22,47,-1,22,0
30,3,22,48,+1,22,0
30,3,22,48,-1,22,0
30,3,22,49,+1,22,0
30,3,22,49,-1,22,0
30,4,22,0,+1,36,14
30,4,22,0,-1,35,13
30,4,22,1,+1,22,0
30,4,22,1,-1,22,0
30,4,22,2,+1,36,14
30,4,22,2,-1,22,0
30,4,22,3,+1,22,0
30,4,22,3,-1,22,0
30,4,22,4,+1,22,0
30,4,22,4,-1,36,14
30,4,22,5,+1,22,0
30,4,22,5,-1,22,0
30,4,22,6,+1,22,0
30,4,22,6,-1,22,0
30,4,22,7,+1,22,0
30,4,22,7,-1,22,0
30,4,22,8,+1,22,0
30,4,22,8,-1,22,0
30,4,22,9,+1,22,0
30,4,22,9,-1,22,0
30,4,22,10,+1,22,0
30,4,22,10,-1,22,0
30,4,22,11,+1,22,0
30,4,22,11,-1,22,0
30,4,22,12,+1,22,0
30,4,22,12,-1,22,0
30,4,22,13,+1,22,0
30,4,22,13,-1,22,0
30,4,22,14,+1,22,0
30,4,22,14,-1,22,0
30,4,22,15,+1,22,0
30,4,22,15,-1,22,0
30,4,22,16,+1,22,0
30,4,22,16,-1,22,0
30,4,22,17,+1,22,0
30,4,22,17,-1,22,0
30,4,22,18,+1,22,0
30,4,22,18,-1,22,0
30,4,22,19,+1,22,0
30,4,22,19,-1,22,0
30,4,22,20,+1,22,0
30,4,22,20,-1,22,0
30,4,22,21,+1,22,0
30,4,22,21,-1,22,0
30,4,22,22,+1,22,0
30,4,22,22,-1,22,0
30,4,22,23,+1,22,0
30,4,22,23,-1,22,0
30,4,22,24,+1,22,0
30,4,22,24,-1,22,0
30,4,22,25,+1,22,0
30,4,22,25,-1,22,0
30,4,22,26,+1,22,0
30,4,22,26,-1,22,0
30,4,22,27,+1,22,0
30,4,22,27,-1,22,0
30,4,22,28,+1,22,0
30,4,22,28,-1,22,0
30,4,22,29,+1,22,0
30,4,22,29,-1,22,0
30,4,22,30,+1,22,0
30,4,22,30,-1,22,0
30,4,22,31,+1,22,0
30,4,22,31,-1,22,0
30,4,22,32,+1,22,0
30,4,22,32,-1,22,0
30,4,22,33,+1,22,0
30,4,22,33,-1,22,0
30,4,22,34,+1,22,0
30,4,22,34,-1,22,0
30,4,22,35,+1,22,0
30,4,22,35,-1,22,0
30,4,22,36,+1,22,0
30,4,22,36,-1,22,0
30,4,22,37,+1,22,0
30,4,22,37,-1,22,0
30,4,22,38,+1,22,0
30,4,22,38,-1,22,0
30,4,22,39,+1,22,0
30,4,22,39,-1,22,0
30,4,22,40,+1,22,0
30,4,22,40,-1,22,0
30,4,22,41,+1,22,0
30,4,22,41,-1,22,0
30,4,22,42,+1,22,0
30,4,22,42,-1,22,0
30,4,22,43,+1,22,0
30,4,22,43,-1,22,0
30,4,22,44,+1,22,0
30,4,22,44,-1,22,0
30,4,22,45,+1,22,0
30,4,22,45,-1,22,0
30,4,22,46,+1,22,0
30,4,22,46,-1,22,0
30,4,22,47,+1,22,0
30,4,22,47,-1,22,0
30,4,22,48,+1,22,0
30,4,22,48,-1,22,0
30,4,22,49,+1,22,0
30,4,22,49,-1,22,0
30,5,28,0,+1,28,0
30,5,28,0,-1,30,2
30,5,28,1,+1,28,0
30,5,28,1,-1,28,0
30,5,28,2,+1,28,0
30,5,28,2,-1,28,0
30,5,28,3,+1,28,0
30,5,28,3,-1,27,-1
30,5,28,4,+1,28,0
30,5,28,4,-1,28,0
30,5,28,5,+1,28,0
30,5,28,5,-1,28,0
30,5,28,6,+1,28,0
30,5,28,6,-1,28,0
30,5,28,7,+1,28,0
30,5,28,7,-1,28,0
30,5,28,8,+1,28,0
30,5,28,8,-1,28,0
30,5,28,9,+1,28,0
30,5,28,9,-1,28,0
30,5,28,10,+1,28,0
30,5,28,10,-1,28,0
30,5,28,11,+1,28,0
30,5,28,11,-1,28,0
30,5,28,12,+1,28,0
30,5,28,12,-1,28,0
30,5,28,13,+1,28,0
30,5,28,13,-1,28,0
30,5,28,14,+1,28,0
30,5,28,14,-1,28,0
30,5,28,15,+1,28,0
30,5,28,15,-1,28,0
30,5,28,16,+1,28,0
30,5,28,16,-1,28,0
30,5,28,17,+1,28,0
30,5,28,17,-1,28,0
30,5,28,18,+1,28,0
30,5,28,18,-1,28,0
30,5,28,19,+1,28,0
30,5,28,19,-1,28,0
30,5,28,20,+1,28,0
30,5,28,20,-1,28,0
30,5,28,21,+1,28,0
30,5,28,21,-1,28,0
30,5,28,22,+1,28,0
30,5,28,22,-1,28,0
30,5,28,23,+1,28,0
30,5,28,23,-1,28,0
30,5,28,24,+1,28,0
30,5,28,24,-1,28,0
30,5,28,25,+1,28,0
30,5,28,25,-1,28,0
30,5,28,26,+1,28,0
30,5,28,26,-1,28,0
30,5,28,27,+1,28,0
30,5,28,27,-1,28,0
30,5,28,28,+1,28,0
30,5,28,28,-1,28,0
30,5,28,29,+1,28,0
30,5,28,29,-1,30,2
30,5,28,30,+1,28,0
30,5,28,30,-1,28,0
30,5,28,31,+1,28,0
30,5,28,31,-1,28,0
30,5,28,32,+1,28,0
30,5,28,32,-1,28,0
30,5,28,33,+1,28,0
30,5,28,33,-1,28,0
30,5,28,34,+1,28,0
30,5,28,34,-1,28,0
30,5,28,35,+1,28,0
30,5,28,35,-1,28,0
30,5,28,36,+1,28,0
30,5,28,36,-1,28,0
30,5,28,37,+1,28,0
30,5,28,37,-1,28,0
30,5,28,38,+1,28,0
30,5,28,38,-1,28,0
30,5,28,39,+1,28,0
30,5,28,39,-1,28,0
30,5,28,40,+1,28,0
30,5,28,40,-1,28,0
30,5,28,41,+1,28,0
30,5,28,41,-1,28,0
30,5,28,42,+1,28,0
30,5,28,42,-1,28,0
30,5,28,43,+1,28,0
30,5,28,43,-1,28,0
30,5,28,44,+1,28,0
30,5,28,44,-1,28,0
30,5,28,45,+1,28,0
30,5,28,45,-1,28,0
30,5,28,46,+1,28,0
30,5,28,46,-1,28,0
30,5,28,47,+1,28,0
30,5,28,47,-1,28,0
30,5,28,48,+1,28,0
30,5,28,48,-1,28,0
30,5,28,49,+1,28,0
30,5,28,49,-1,28,0
30,6,39,0,+1,40,1
30,6,39,0,-1,39,0
30,6,39,2,+1,39,0
30,6,39,2,-1,39,0
30,6,39,3,+1,39,0
30,6,39,3,-1,39,0
30,6,39,4,+1,39,0
30,6,39,4,-1,39,0
30,6,39,5,+1,39,0
30,6,39,5,-1,39,0
30,6,39,6,+1,39,0
30,6,39,6,-1,39,0
30,6,39,7,+1,39,0
30,6,39,7,-1,39,0
30,6,39,8,+1,39,0
30,6,39,8,-1,39,0
30,6,39,9,+1,39,0
30,6,39,9,-1,39,0
30,6,39,10,+1,39,0
30,6,39,10,-1,39,0
30,6,39,11,+1,39,0
30,6,39,11,-1,39,0
30,6,39,12,+1,39,0
30,6,39,12,-1,39,0
30,6,39,13,+1,39,0
30,6,39,13,-1,39,0
30,6,39,14,+1,39,0
30,6,39,14,-1,39,0
30,6,39,15,+1,39,0
30,6,39,15,-1,39,0
30,6,39,16,+1,39,0
30,6,39,16,-1,39,0
30,6,39,17,+1,61,22
30,6,39,17,-1,39,0
30,6,39,18,+1,39,0
30,6,39,18,-1,39,0
30,6,39,19,+1,39,0
30,6,39,19,-1,39,0
30,6,39,20,+1,39,0
30,6,39,20,-1,39,0
30,6,39,21,+1,39,0
30,6,39,21,-1,39,0
30,6,39,22,+1,39,0
30,6,39,22,-1,39,0
30,6,39,23,+1,39,0
30,6,39,23,-1,39,0
30,6,39,24,+1,39,0
30,6,39,24,-1,39,0
30,6,39,25,+1,39,0
30,6,39,25,-1,39,0
30,6,39,26,+1,39,0
30,6,39,26,-1,39,0
30,6,39,27,+1,39,0
30,6,39,27,-1,39,0
30,6,39,28,+1,39,0
30,6,39,28,-1,39,0
30,6,39,29,+1,39,0
30,6,39,29,-1,39,0
30,6,39,30,+1,39,0
30,6,39,30,-1,39,0
30,6,39,31,+1,39,0
30,6,39,31,-1,39,0
30,6,39,32,+1,39,0
30,6,39,32,-1,39,0
30,6,39,33,+1,39,0
30,6,39,33,-1,39,0
30,6,39,34,+1,39,0
30,6,39,34,-1,39,0
30,6,39,35,+1,39,0
30,6,39,35,-1,39,0
30,6,39,36,+1,39,0
30,6,39,36,-1,39,0
30,6,39,37,+1,39,0
30,6,39,37,-1,39,0
30,6,39,38,+1,39,0
30,6,39,38,-1,39,0
30,6,39,39,+1,39,0
30,6,39,39,-1,39,0
30,6,39,40,+1,39,0
30,6,39,40,-1,39,0
30,6,39,41,+1,39,0
30,6,39,41,-1,39,0
30,6,39,42,+1,39,0
30,6,39,42,-1,39,0
30,6,39,43,+1,47,8
30,6,39,43,-1,39,0
30,6,39,44,+1,39,0
30,6,39,44,-1,39,0
30,6,39,45,+1,39,0
30,6,39,45,-1,39,0
30,6,39,46,+1,39,0
30,6,39,46,-1,39,0
30,6,39,47,+1,39,0
30,6,39,47,-1,39,0
30,6,39,48,+1,39,0
30,6,39,48,-1,39,0
30,6,39,49,+1,39,0
30,6,39,49,-1,39,0
30,7,31,0,+1,31,0
30,7,31,0,-1,31,0
30,7,31,1,+1,31,0
30,7,31,1,-1,31,0
30,7,31,2,+1,31,0
30,7,31,2,-1,30,-1
30,7,31,3,+1,31,0
30,7,31,3,-1,31,0
30,7,31,4,+1,31,0
30,7,31,4,-1,31,0
30,7,31,5,+1,31,0
30,7,31,5,-1,31,0
30,7,31,6,+1,31,0
30,7,31,6,-1,31,0
30,7,31,7,+1,31,0
30,7,31,7,-1,31,0
30,7,31,8,+1,31,0
30,7,31,8,-1,31,0
30,7,31,9,+1,31,0
30,7,31,9,-1,31,0
30,7,31,10,+1,31,0
30,7,31,10,-1,31,0
30,7,31,11,+1,31,0
30,7,31,11,-1,31,0
30,7,31,12,+1,31,0
30,7,31,12,-1,31,0
30,7,31,13,+1,31,0
30,7,31,13,-1,31,0
30,7,31,14,+1,31,0
30,7,31,14,-1,31,0
30,7,31,15,+1,31,0
30,7,31,15,-1,31,0
30,7,31,16,+1,31,0
30,7,31,16,-1,30,-1
30,7,31,17,+1,31,0
30,7,31,17,-1,31,0
30,7,31,18,+1,31,0
30,7,31,18,-1,31,0
30,7,31,19,+1,31,0
30,7,31,19,-1,31,0
30,7,31,20,+1,31,0
30,7,31,20,-1,31,0
30,7,31,21,+1,31,0
30,7,31,21,-1,31,0
30,7,31,22,+1,31,0
30,7,31,22,-1,31,0
30,7,31,23,+1,31,0
30,7,31,23,-1,31,0
30,7,31,24,+1,31,0
30,7,31,24,-1,31,0
30,7,31,25,+1,31,0
30,7,31,25,-1,31,0
30,7,31,26,+1,31,0
30,7,31,26,-1,31,0
30,7,31,27,+1,31,0
30,7,31,27,-1,31,0
30,7,31,28,+1,31,0
30,7,31,28,-1,31,0
30,7,31,29,+1,31,0
30,7,31,29,-1,31,0
30,7,31,30,+1,31,0
30,7,31,30,-1,31,0
30,7,31,31,+1,31,0
30,7,31,31,-1,31,0
30,7,31,32,+1,31,0
30,7,31,32,-1,31,0
30,7,31,33,+1,31,0
30,7,31,33,-1,31,0
30,7,31,34,+1,31,0
30,7,31,34,-1,31,0
30,7,31,35,+1,31,0
30,7,31,35,-1,31,0
30,7,31,36,+1,31,0
30,7,31,36,-1,31,0
30,7,31,37,+1,31,0
30,7,31,37,-1,31,0
30,7,31,38,+1,31,0
30,7,31,38,-1,31,0
30,7,31,39,+1,31,0
30,7,31,39,-1,31,0
30,7,31,40,+1,31,0
30,7,31,40,-1,31,0
30,7,31,41,+1,31,0
30,7,31,41,-1,31,0
30,7,31,42,+1,31,0
30,7,31,42,-1,31,0
30,7,31,43,+1,31,0
30,7,31,43,-1,31,0
30,7,31,44,+1,31,0
30,7,31,44,-1,31,0
30,7,31,45,+1,31,0
30,7,31,45,-1,31,0
30,7,31,46,+1,31,0
30,7,31,46,-1,31,0
30,7,31,47,+1,31,0
30,7,31,47,-1,31,0
30,7,31,48,+1,31,0
30,7,31,48,-1,31,0
30,7,31,49,+1,31,0
30,7,31,49,-1,31,0
30,8,29,0,+1,29,0
30,8,29,0,-1,29,0
30,8,29,1,+1,30,1
30,8,29,1,-1,29,0
30,8,29,2,+1,29,0
30,8,29,2,-1,29,0
30,8,29,3,+1,29,0
30,8,29,3,-1,29,0
30,8,29,4,+1,29,0
30,8,29,4,-1,29,0
30,8,29,5,+1,29,0
30,8,29,5,-1,29,0
30,8,29,6,+1,29,0
30,8,29,6,-1,29,0
30,8,29,7,+1,29,0
30,8,29,7,-1,29,0
30,8,29,8,+1,29,0
30,8,29,8,-1,29,0
30,8,29,9,+1,29,0
30,8,29,9,-1,29,0
30,8,29,10,+1,29,0
30,8,29,10,-1,29,0
30,8,29,11,+1,42,13
30,8,29,11,-1,29,0
30,8,29,12,+1,29,0
30,8,29,12,-1,29,0
30,8,29,13,+1,29,0
30,8,29,13,-1,29,0
30,8,29,14,+1,29,0
30,8,29,14,-1,29,0
30,8,29,15,+1,29,0
30,8,29,15,-1,29,0
30,8,29,16,+1,29,0
30,8,29,16,-1,29,0
30,8,29,17,+1,29,0
30,8,29,17,-1,29,0
30,8,29,18,+1,29,0
30,8,29,18,-1,29,0
30,8,29,19,+1,29,0
30,8,29,19,-1,29,0
30,8,29,20,+1,29,0
30,8,29,20,-1,29,0
30,8,29,21,+1,29,0
30,8,29,21,-1,29,0
30,8,29,22,+1,29,0
30,8,29,22,-1,29,0
30,8,29,23,+1,29,0
30,8,29,23,-1,29,0
30,8,29,24,+1,29,0
30,8,29,24,-1,29,0
30,8,29,25,+1,29,0
30,8,29,25,-1,29,0
30,8,29,26,+1,29,0
30,8,29,26,-1,29,0
30,8,29,27,+1,29,0
30,8,29,27,-1,29,0
30,8,29,28,+1,29,0
30,8,29,28,-1,29,0
30,8,29,29,+1,29,0
30,8,29,29,-1,29,0
30,8,29,30,+1,29,0
30,8,29,30,-1,29,0
30,8,29,31,+1,29,0
30,8,29,31,-1,29,0
30,8,29,32,+1,29,0
30,8,29,32,-1,29,0
30,8,29,33,+1,29,0
30,8,29,33,-1,29,0
30,8,29,34,+1,29,0
30,8,29,34,-1,29,0
30,8,29,35,+1,29,0
30,8,29,35,-1,29,0
30,8,29,36,+1,29,0
30,8,29,36,-1,29,0
30,8,29,37,+1,29,0
30,8,29,37,-1,29,0
30,8,29,38,+1,29,0
30,8,29,38,-1,29,0
30,8,29,39,+1,29,0
30,8,29,39,-1,29,0
30,8,29,40,+1,29,0
30,8,29,40,-1,29,0
30,8,29,41,+1,29,0
30,8,29,41,-1,29,0
30,8,29,42,+1,29,0
30,8,29,42,-1,29,0
30,8,29,43,+1,29,0
30,8,29,43,-1,29,0
30,8,29,44,+1,29,0
30,8,29,44,-1,29,0
30,8,29,45,+1,30,1
30,8,29,45,-1,29,0
30,8,29,46,+1,29,0
30,8,29,46,-1,29,0
30,8,29,47,+1,29,0
30,8,29,47,-1,29,0
30,8,29,48,+1,29,0
30,8,29,48,-1,29,0
30,8,29,49,+1,29,0
30,8,29,49,-1,29,0
30,9,27,0,+1,27,0
30,9,27,0,-1,27,0
30,9,27,1,+1,27,0
30,9,27,1,-1,27,0
30,9,27,2,+1,27,0
30,9,27,2,-1,27,0
30,9,27,3,+1,27,0
30,9,27,3,-1,27,0
30,9,27,4,+1,27,0
30,9,27,4,-1,27,0
30,9,27,5,+1,27,0
30,9,27,5,-1,27,0
30,9,27,6,+1,27,0
30,9,27,6,-1,27,0
30,9,27,7,+1,27,0
30,9,27,7,-1,27,0
30,9,27,8,+1,27,0
30,9,27,8,-1,27,0
30,9,27,9,+1,27,0
30,9,27,9,-1,27,0
30,9,27,10,+1,27,0
30,9,27,10,-1,27,0
30,9,27,11,+1,27,0
30,9,27,11,-1,27,0
30,9,27,12,+1,27,0
30,9,27,12,-1,27,0
30,9,27,13,+1,27,0
30,9,27,13,-1,27,0
30,9,27,14,+1,27,0
30,9,27,14,-1,27,0
30,9,27,15,+1,27,0
30,9,27,15,-1,27,0
30,9,27,16,+1,27,0
30,9,27,16,-1,27,0
30,9,27,17,+1,27,0
30,9,27,17,-1,27,0
30,9,27,18,+1,27,0
30,9,27,18,-1,27,0
30,9,27,19,+1,27,0
30,9,27,19,-1,27,0
30,9,27,20,+1,27,0
30,9,27,20,-1,27,0
30,9,27,21,+1,27,0
30,9,27,21,-1,27,0
30,9,27,22,+1,27,0
30,9,27,22,-1,27,0
30,9,27,23,+1,27,0
30,9,27,23,-1,27,0
30,9,27,24,+1,27,0
30,9,27,24,-1,27,0
30,9,27,25,+1,27,0
30,9,27,25,-1,27,0
30,9,27,26,+1,27,0
30,9,27,26,-1,27,0
30,9,27,27,+1,27,0
30,9,27,27,-1,27,0
30,9,27,28,+1,27,0
30,9,27,28,-1,27,0
30,9,27,29,+1,27,0
30,9,27,29,-1,27,0
30,9,27,30,+1,27,0
30,9,27,30,-1,27,0
30,9,27,31,+1,27,0
30,9,27,31,-1,27,0
30,9,27,32,+1,27,0
30,9,27,32,-1,27,0
30,9,27,33,+1,27,0
30,9,27,33,-1,27,0
30,9,27,34,+1,27,0
30,9,27,34,-1,27,0
30,9,27,35,+1,27,0
30,9,27,35,-1,27,0
30,9,27,36,+1,27,0
30,9,27,36,-1,27,0
30,9,27,37,+1,27,0
30,9,27,37,-1,27,0
30,9,27,38,+1,27,0
30,9,27,38,-1,27,0
30,9,27,39,+1,27,0
30,9,27,39,-1,27,0
30,9,27,40,+1,27,0
30,9,27,40,-1,27,0
30,9,27,41,+1,27,0
30,9,27,41,-1,27,0
30,9,27,42,+1,27,0
30,9,27,42,-1,27,0
30,9,27,43,+1,27,0
30,9,27,43,-1,27,0
30,9,27,44,+1,27,0
30,9,27,44,-1,27,0
30,9,27,45,+1,27,0
30,9,27,45,-1,27,0
30,9,27,46,+1,27,0
30,9,27,46,-1,27,0
30,9,27,47,+1,27,0
30,9,27,47,-1,27,0
30,9,27,48,+1,27,0
30,9,27,48,-1,27,0
30,9,27,49,+1,27,0
30,9,27,49,-1,27,0
